Популярные запросы,Kлики,Показы,CTR,Позиция
uluwatu to nusa penida,2,382,0.52%,8.25
sanur vs uluwatu,2,62,3.23%,6.77
uluwatu vs sanur,2,40,5%,5.75
sanur or uluwatu,2,38,5.26%,5.82
uluwatu or seminyak,2,37,5.41%,10.81
nusa penida tour from uluwatu,2,11,18.18%,5.09
kelingking beach,1,193,0.52%,10.44
nusa penida,1,107,0.93%,34.21
mount batur hot springs,1,103,0.97%,9.6
nusa dua to seminyak,1,97,1.03%,14.56
как взойти на батур в обход гидов,1,81,1.23%,2.27
galungan 2027,1,56,1.79%,7.91
uluwatu vs seminyak,1,54,1.85%,10.93
batur hot springs,1,49,2.04%,10.22
mount batur hot spring,1,46,2.17%,9.63
uluwatu nusa penida,1,39,2.56%,6.97
nusa penida danger,1,35,2.86%,4.66
kuta vs canggu,1,34,2.94%,6.26
kuta or canggu,1,29,3.45%,6.59
canggu to nusa penida,1,29,3.45%,18.24
snorkelling in bali,1,29,3.45%,34.31
uluwatu or sanur,1,18,5.56%,5.56
day trip to nusa penida from uluwatu,1,15,6.67%,6.53
does bali have white sand beaches,1,15,6.67%,7.87
bali snorkeling for non swimmers,1,14,7.14%,6.5
bali crystal clear water,1,12,8.33%,5.67
fast boat sanur to nusa penida,1,11,9.09%,9.64
sanur or seminyak,1,10,10%,9
canggu to mt batur,1,9,11.11%,4.67
handara gate entrance fee,1,9,11.11%,7.33
tanah lot or uluwatu temple,1,8,12.5%,5.25
cleanest beaches bali,1,7,14.29%,7
bali snorkel,1,7,14.29%,15.71
семиньяк или нуса дуа,1,6,16.67%,4.5
surfboard rental bali price,1,6,16.67%,5.33
can you swim at kelingking beach,1,6,16.67%,8.33
bali tour price,1,6,16.67%,11
bali ocean water,1,5,20%,7
grab bali price per km,1,5,20%,8.4
beaches near seminyak,1,3,33.33%,9
bali en 5 dias,1,3,33.33%,31
mount bromo vs batur,1,2,50%,3.5
seminyak oder canggu,1,2,50%,5.5
вулкан батур извержение,1,2,50%,10.5
getting around in bali,1,2,50%,32
dolphin watching bali season,1,1,100%,1
how big will it be,1,1,100%,1
day trip nusa penida from uluwatu,1,1,100%,6
bukit surf spots,1,1,100%,9
rafting bali,0,215,0%,12.8
day trips from nusa dua to seminyak,0,173,0%,10.9
seminyak to nusa dua,0,163,0%,20.4
de seminyak a kuta,0,158,0%,16.62
ubud au départ de seminyak,0,150,0%,16.31
seminyak au départ de nusa dua,0,148,0%,15.07
da nusa dua a monte batur gunung batur,0,144,0%,11.95
seminyak to mt. batur gunung batur,0,142,0%,15.56
bali to gili islands tour,0,135,0%,20.67
da seminyak a monte batur gunung batur,0,134,0%,7.33
yacht party dubai,0,130,0%,71.32
boat rides in sanur,0,124,0%,16.02
day trip to gili islands from bali,0,115,0%,20.23
da nusa dua a seminyak,0,114,0%,16.93
kuta au départ de seminyak,0,111,0%,7.3
bali au départ de seminyak,0,107,0%,5.94
seminyak bali,0,104,0%,33.43
can you do a day trip to gili islands from bali,0,99,0%,13.06
clean beaches in bali,0,99,0%,35.26
nusa penida to uluwatu,0,96,0%,5.95
seminyak au départ de jimbaran,0,92,0%,11.53
dubai yacht party,0,90,0%,73.33
seminyak to blue lagoon beach padangbai drive time,0,88,0%,6.86
de seminyak a nusa dua,0,88,0%,16.89
boat party dubai,0,88,0%,68.65
hot springs mount batur,0,86,0%,10.17
de jimbaran a seminyak,0,83,0%,10.96
white sand beach bali,0,83,0%,13.45
de nusa dua a seminyak,0,81,0%,18.15
da seminyak a nusa dua,0,81,0%,19.07
day trips from bali to other islands,0,78,0%,17.28
kuta vs seminyak,0,76,0%,9.61
how far is nusa dua from seminyak,0,76,0%,9.88
da seminyak a jimbaran,0,76,0%,12.18
day trips to gili islands from bali,0,75,0%,19.68
mont batur gunung batur au départ de nusa dua,0,68,0%,11.6
kuta and seminyak,0,63,0%,17.27
galungan 2028,0,61,0%,7.77
vom startpunkt indonesien zum ausflugsziel bali,0,61,0%,16.62
snorkeling in bali,0,61,0%,54.34
yacht party in dubai,0,58,0%,68.5
dubai yatch party,0,56,0%,68.3
snorkeling bali,0,54,0%,52.96
nusa penida from uluwatu,0,52,0%,6.98
things to do in seminyak,0,52,0%,43.08
shared yacht tour dubai,0,52,0%,71.44
seminyak or uluwatu,0,50,0%,9.54
nusa penida day trip from uluwatu,0,49,0%,6.33
seminyak vs uluwatu,0,49,0%,8.41
is kuta in seminyak,0,48,0%,9.96
манты бали,0,47,0%,8.32
чангу бали,0,47,0%,15.49
mt batur hot springs,0,46,0%,9.7
nusa dua to mt. batur gunung batur,0,46,0%,10.78
sanur to nusa penida,0,46,0%,24.17
mont batur gunung batur au départ de seminyak,0,45,0%,16.33
gili islands day trip from bali,0,41,0%,10.46
nusa penida gefährlich,0,40,0%,8.2
private driver bali cost per day,0,40,0%,8.88
how to get to nusa penida from uluwatu,0,39,0%,4.9
hot spring mount batur,0,39,0%,10.21
canggu bali,0,39,0%,46.23
gemeinsame luxusyacht-tour in dubai,0,39,0%,62.85
vom startpunkt nusa dua zum ausflugsziel mount batur gunung batur,0,38,0%,14.87
snorkeling handicap bali,0,38,0%,24.61
canggu beach,0,38,0%,45.37
bali viewpoints,0,37,0%,12.49
bali rafting,0,37,0%,17.38
bali viewpoint,0,36,0%,15.56
dubai boat party,0,36,0%,69.61
закат бали,0,35,0%,9.49
how to get from uluwatu to nusa penida,0,34,0%,5.94
yacht party dubai marina,0,34,0%,66.53
canggu vs kuta,0,33,0%,6.33
tukad cepung,0,33,0%,9.27
canggu,0,33,0%,35.91
uluwatu to nusa penida day trip,0,32,0%,7.81
sanur vs seminyak,0,32,0%,10.12
best yacht party in dubai,0,32,0%,67.34
hot springs bali mount batur,0,31,0%,9.68
nusa penida uluwatu,0,30,0%,10.03
batur hot spring,0,30,0%,11.07
kuta or seminyak,0,30,0%,11.93
seminyak or nusa dua,0,30,0%,12.3
clearest water in bali,0,29,0%,4.93
пляж келингкинг,0,29,0%,9.76
uluwatu to nusa penida distance,0,28,0%,6.43
canggu bali beach,0,28,0%,55.36
mont batur,0,28,0%,69.43
nusa dua vs seminyak,0,27,0%,10.3
巴杜爾火山,0,27,0%,27.19
bali itinerary 7 days,0,27,0%,47.44
snorkelling bali,0,27,0%,62.89
from uluwatu to nusa penida,0,26,0%,6.46
sanur to nusa penida ferry,0,26,0%,23.19
night yacht party,0,26,0%,82.65
snorkelling in bali for non swimmers,0,25,0%,5.08
seminyak vs sanur,0,25,0%,8.24
white beach bali,0,25,0%,11.64
uluwatu,0,25,0%,18.76
where to stay in bali for first timers,0,25,0%,19.12
travel to gili islands from bali,0,24,0%,22.62
gili islands from bali,0,24,0%,23.29
sanur beach to nusa penida,0,24,0%,24.83
best views in bali,0,24,0%,39.71
7 day bali itinerary,0,24,0%,44.21
best beaches near canggu,0,24,0%,45.21
kuta or seminyak which is better,0,23,0%,10.26
seminyak vs nusa dua,0,23,0%,11.7
things to do in seminyak bali,0,23,0%,41.96
best places to visit in bali for first timers,0,23,0%,49.87
surf bali,0,23,0%,76.87
hot springs batur,0,22,0%,8.73
gili island day trip from bali,0,22,0%,9.09
seminyak,0,22,0%,25.14
best beach canggu,0,22,0%,44.59
во сколько рассвет на бали,0,21,0%,7.76
tulamben snorkeling,0,21,0%,9.1
seminyak to gili islands,0,21,0%,9.24
закат на бали,0,21,0%,10
mejores playas uluwatu,0,21,0%,12.05
diamond beach nusa penida,0,21,0%,23.52
семиньяк,0,21,0%,35
seminyak bali things to do,0,21,0%,36.1
surfing bali,0,21,0%,70.48
bali clear water,0,20,0%,4.85
playas uluwatu,0,20,0%,12.8
манты на бали,0,19,0%,6.79
is kuta in canggu,0,19,0%,8.21
white sand beaches bali,0,19,0%,8.47
canggu seminyak bali,0,19,0%,8.53
is nusa dua better than seminyak,0,19,0%,9.79
seminyak or kuta which is better,0,19,0%,9.79
чангу,0,19,0%,10.58
nusa dua or seminyak,0,19,0%,10.68
is canggu in kuta,0,19,0%,10.95
handara gate,0,19,0%,11.11
how far is nusa dua to seminyak,0,19,0%,11.53
snorkeling disability bali,0,19,0%,23.47
bali instagram spots,0,19,0%,35.26
цены на бали,0,19,0%,39.26
gili trawangan,0,19,0%,53.74
bali visa requirements,0,19,0%,61.58
is kuta and seminyak the same,0,18,0%,7.78
uluwatu or seminyak which is better,0,18,0%,8.61
uluwatu to nusa penida ferry,0,18,0%,9.22
galungan bali 2027,0,18,0%,9.5
seminyak or sanur,0,18,0%,9.5
mejores playas de uluwatu,0,18,0%,11.72
seminyak to sanur beach pantai sanur,0,18,0%,12.94
bali seminyak,0,18,0%,37.89
bali snorkeling,0,18,0%,42.67
yacht parties dubai,0,18,0%,71.61
bali en 10 dias,0,18,0%,77.61
bali lookout,0,17,0%,8
снорклинг если не умеешь плавать,0,17,0%,8.59
uluwatu or ubud,0,17,0%,8.82
seminyak or nusa dua which is better,0,17,0%,9
mount batur hot springs bali,0,17,0%,10.71
seminyak or kuta,0,17,0%,13.88
бали цена,0,17,0%,20.06
canggu or seminyak,0,17,0%,23.41
mount batur,0,17,0%,39
best beaches in bali for swimming,0,17,0%,39.18
bali indonesia,0,16,0%,2.88
seminyak vs kuta,0,16,0%,9.5
batur hot springs bali,0,16,0%,9.62
kuta to canggu,0,16,0%,11.25
nusa penida to lembongan,0,16,0%,35.56
getting around bali,0,16,0%,48.5
uluwatu nusa penida ferry,0,15,0%,4.07
boat from uluwatu to nusa penida,0,15,0%,5.6
ворота хандара,0,15,0%,7.87
how far is seminyak from nusa dua,0,15,0%,10.2
plage kelingking,0,15,0%,11.27
kuta canggu,0,15,0%,12.47
лучшие пляжи бали с белым песком,0,15,0%,16.47
batur natural hot springs,0,15,0%,27.73
things to do in canggu,0,15,0%,43.53
things to do in seminyak blog,0,15,0%,44.27
voyage à bali en couple,0,15,0%,55.4
bali surf,0,15,0%,56.67
ubud day trip,0,15,0%,59
nusa penida to uluwatu distance,0,14,0%,6.14
"are there any recommended travel companies for trips from uluwatu to nusa 
penida?",0,14,0%,7.14
sanur to nusa penida time,0,14,0%,8.14
galungan 2026,0,14,0%,8.21
lake batur hot springs,0,14,0%,9.21
is nusa penida worth it,0,14,0%,9.36
ubud vs uluwatu,0,14,0%,9.43
is uluwatu near seminyak,0,14,0%,9.79
white sand beach,0,14,0%,9.86
bali white sand beaches,0,14,0%,10.86
uluwatu vs ubud,0,14,0%,11
regenzeit bali 2027,0,14,0%,11.79
bali white sand beach,0,14,0%,22.29
сколько стоит поездка на бали,0,14,0%,24.57
best beaches in seminyak,0,14,0%,32.5
best things to do in seminyak,0,14,0%,44.29
ascension mont batur,0,14,0%,67.79
+seminyak to blue lagoon beach padangbai drive time,0,13,0%,6.15
nusa penida with kids,0,13,0%,6.69
galungan kuningan 2027,0,13,0%,7.54
seminyak to gili t,0,13,0%,8.69
yes,0,13,0%,8.92
best beach bali white sand,0,13,0%,10
где на бали нет волн,0,13,0%,11.15
гора агунг,0,13,0%,11.15
canggu seminyak,0,13,0%,12.62
grab taxi bali,0,13,0%,20.62
район санур на бали,0,13,0%,20.62
all nusa lembongan tours & excursions in 2026,0,13,0%,23.15
diving and snorkeling with bali's whale sharks tips,0,13,0%,23.31
seminyak kuta,0,13,0%,25.62
things to do in bali seminyak,0,13,0%,38.08
things to do in canggu bali,0,13,0%,47.15
beste reisezeit bali,0,13,0%,55.54
yatch party dubai,0,13,0%,67.77
巴厘岛旅游费用,0,12,0%,6.5
canggu o uluwatu,0,12,0%,6.83
tanah lot vs uluwatu temple,0,12,0%,7.33
nyepi segara 2026,0,12,0%,7.42
cascade de tukad cepung,0,12,0%,8
sanur to nusa penida fast boat time,0,12,0%,8.5
лучшие пляжи улувату,0,12,0%,8.58
bali clear water beach,0,12,0%,8.92
white sand beach nusa penida,0,12,0%,9.33
mount batur and hot springs,0,12,0%,9.67
white sand bali,0,12,0%,11.75
best white sand beaches bali,0,12,0%,12.17
playa kelingking,0,12,0%,14.08
canggu vs uluwatu,0,12,0%,16.83
серфинг на бали в январе,0,12,0%,18.08
маршрут по бали на 10 дней,0,12,0%,19.25
бали район семиньяк,0,12,0%,19.83
bali to gili islands day trip,0,12,0%,20.33
что посмотреть на бали за 10 дней,0,12,0%,24.33
bali day trip to gili islands,0,12,0%,30.67
things to do in seminyak bali indonesia,0,12,0%,39.5
what to do in canggu,0,12,0%,44.25
plage canggu,0,12,0%,44.67
bali and gili islands,0,12,0%,51.83
canggu beach bali,0,12,0%,60.42
canggu surf,0,12,0%,62.75
dubai party yacht,0,12,0%,67.5
how to go from uluwatu to nusa penida,0,11,0%,5.18
how far is nusa penida from uluwatu,0,11,0%,6.27
blue lagoon beach padangbai from seminyak how long drive,0,11,0%,6.82
uluwatu or ubud which is better,0,11,0%,8.09
ворота хандара бали,0,11,0%,8.09
kelingking beach bajada,0,11,0%,8.18
tasa turistica bali,0,11,0%,8.45
canggu & seminyak,0,11,0%,8.91
mt batur hot spring,0,11,0%,8.91
бали закат,0,11,0%,9.73
white sand beaches in bali,0,11,0%,10
is seminyak in kuta,0,11,0%,10.36
canggu to gili t,0,11,0%,11
sanur uluwatu,0,11,0%,11.27
canggu or uluwatu,0,11,0%,20.18
private driver bali cost,0,11,0%,20.91
kelingking,0,11,0%,26
where to stay in bali first time,0,11,0%,29.64
seminyak bali beaches,0,11,0%,31.45
tortues bali,0,11,0%,40.55
what to do in canggu bali,0,11,0%,47.45
ubud bali,0,11,0%,52.91
nicest beaches in bali,0,11,0%,54
best beach clubs,0,11,0%,55
巴杜爾火山日出時間,0,10,0%,5.5
diamond beach bali gefährlich,0,10,0%,7.9
difference between kuta and seminyak,0,10,0%,7.9
mont batur difficulté,0,10,0%,7.9
ubud and uluwatu,0,10,0%,8
gili trawangan danger,0,10,0%,8.6
ubud or uluwatu,0,10,0%,8.6
nusa penida to uluwatu ferry,0,10,0%,8.7
is mount batur safe,0,10,0%,8.8
galungan 2028 tanggal berapa,0,10,0%,9.3
sanur harbour to nusa penida distance,0,10,0%,9.3
бали пляжи с белым песком,0,10,0%,9.6
tanah lot entrance fee 2026,0,10,0%,10.2
snorkel en bali,0,10,0%,10.8
white beaches in bali,0,10,0%,11.2
white beaches bali,0,10,0%,12.5
бали где находится в какой стране цена,0,10,0%,13.9
kelingking beach nusa penida,0,10,0%,14.6
nusa penida vs nusa lembongan,0,10,0%,17.3
white sand beach in bali,0,10,0%,18.8
sanur to nusa penida ferry timings,0,10,0%,19.5
seminyak to gili islands day trip,0,10,0%,20.1
hot spring bali,0,10,0%,23.2
best beaches in bali white sand,0,10,0%,30.9
bali entry requirements,0,10,0%,42
bali canggu,0,10,0%,43.8
denpasar to canggu,0,10,0%,45.5
bali regenzeit,0,10,0%,50.2
巴厘岛最佳蜜月度假村,0,10,0%,56
"bali une semaine (20)""",0,10,0%,69.1
canggu bali surf,0,10,0%,74.6
galungan kuningan 2028,0,9,0%,3.56
blue lagoon beach padangbai from seminyak drive time,0,9,0%,5.67
seminyak to blue lagoon beach padangbai driving time,0,9,0%,5.89
nusa penida how many days,0,9,0%,6.67
canggu to mount batur,0,9,0%,6.78
seaplusland,0,9,0%,7.22
best water in bali,0,9,0%,7.44
seminyak to blue lagoon beach padangbai drive time 2026,0,9,0%,7.78
sanur seminyak,0,9,0%,7.89
seminyak beach vs kuta beach,0,9,0%,8
is kuta near seminyak,0,9,0%,8.89
which is better kuta or seminyak,0,9,0%,9.44
hot springs mt batur,0,9,0%,10
nusa penida white sand beach,0,9,0%,10.89
playas de uluwatu,0,9,0%,14
bali private driver cost,0,9,0%,14.33
best beaches bali white sand,0,9,0%,14.44
kuta to seminyak,0,9,0%,16.11
gili day trip from bali,0,9,0%,16.89
как передвигаться по бали,0,9,0%,21.44
巴杜火山,0,9,0%,24.78
nusa penida to sanur,0,9,0%,25.33
сколько стоит отдых на бали,0,9,0%,28.33
сколько стоит отдохнуть на бали,0,9,0%,28.44
район чангу бали,0,9,0%,37.44
diamond beach bali,0,9,0%,40.22
cours de surf bali,0,9,0%,41.33
bali best waterfalls,0,9,0%,50.56
bali canggu beach,0,9,0%,60.33
beaches in canggu bali,0,9,0%,65.78
uluwatu vs tanah lot,0,8,0%,5.38
sunrise time mount batur today,0,8,0%,6.38
семиньяк бали,0,8,0%,7.5
bali,0,8,0%,7.62
tegalalang vs jatiluwih,0,8,0%,8
seminyak or sanur which is better,0,8,0%,8.62
walhaie indonesien,0,8,0%,8.62
mantarochen bali,0,8,0%,8.75
how much for a driver in bali,0,8,0%,8.88
nusa dua or seminyak which is better,0,8,0%,8.88
uluwatu dan seminyak,0,8,0%,8.88
sanur to nusa penida ferry time,0,8,0%,9.12
snorkeling in bali for beginners,0,8,0%,10
canggu kuta,0,8,0%,10.38
is canggu near seminyak,0,8,0%,10.38
best beach near seminyak,0,8,0%,10.75
бали чангу,0,8,0%,11.38
da seminyak a spiaggia di sanur pantai sanur,0,8,0%,13.38
nusa dua to seminyak distance,0,8,0%,13.62
best white beach in bali,0,8,0%,14.62
uluwatu to sanur,0,8,0%,15.25
gili trawangan day trip from bali,0,8,0%,15.62
sanur port to nusa penida,0,8,0%,16.38
blue lagoon bali,0,8,0%,16.88
что брать с собой на бали,0,8,0%,21.38
sanur nusa penida,0,8,0%,22.75
bali trip cost,0,8,0%,25.12
nusa penida ile,0,8,0%,25.25
snorkel bali,0,8,0%,27.5
bali temple,0,8,0%,30.5
гили эйр,0,8,0%,33.88
what to do in seminyak bali,0,8,0%,35.62
is gili trawangan worth visiting,0,8,0%,39.12
пляжи бали для купания,0,8,0%,43.12
манта поинт бали,0,8,0%,46
how to get to nusa penida from bali,0,8,0%,50.38
day trip to ubud,0,8,0%,56.75
dubai marina party,0,8,0%,57.88
plages uluwatu,0,8,0%,68.75
nusa penida bali,0,8,0%,71.38
plage seminyak,0,8,0%,74.5
巴杜爾火山難度,0,7,0%,3
sanur,0,7,0%,4.29
atv ride timings unud,0,7,0%,5.43
mount batur from canggu,0,7,0%,5.43
is grab cheap in bali,0,7,0%,5.71
canggu to gili islands,0,7,0%,6.43
nusa lembongan o nusa penida,0,7,0%,7.14
nusa penida day tour from uluwatu,0,7,0%,7.43
how many days in nusa penida,0,7,0%,7.57
manta bay,0,7,0%,7.71
van uluwatu naar nusa penida,0,7,0%,8
canggu to nusa penida distance,0,7,0%,8.57
how to get from nusa penida to uluwatu,0,7,0%,9
закат на бали время,0,7,0%,9
что посмотреть в убуде за 1 день,0,7,0%,9
bali walhaie,0,7,0%,9.14
is kuta close to seminyak,0,7,0%,9.14
келингкинг,0,7,0%,9.29
kuta beach vs seminyak beach,0,7,0%,9.43
de ubud a nusa penida,0,7,0%,9.57
cascade tukad cepung,0,7,0%,9.71
is uluwatu better than seminyak,0,7,0%,9.71
kelingking viewpoint,0,7,0%,10
nusa penida from sanur,0,7,0%,10.43
бали пляжи без волн,0,7,0%,10.43
kapan galungan 2028,0,7,0%,10.57
which is better seminyak or nusa dua,0,7,0%,11.43
gili island day trip,0,7,0%,11.57
gili air ou gili trawangan,0,7,0%,11.86
sanur harbor to nusa penida,0,7,0%,12.57
que ver en bali en 5 dias,0,7,0%,13.57
nusa penida or gili islands,0,7,0%,14.14
manta point,0,7,0%,15.43
seminyak uluwatu,0,7,0%,18.43
gili islands day trip,0,7,0%,19.29
surfen bali anfänger,0,7,0%,19.86
где лучшие закаты на бали,0,7,0%,19.86
чангу на бали,0,7,0%,19.86
нуса пенида,0,7,0%,21.43
montagne bali,0,7,0%,22.57
excursion aventure en quad à bali,0,7,0%,23
bali gili islands tour,0,7,0%,23.14
day trips from sanur,0,7,0%,23.29
стоимость поездки на бали,0,7,0%,23.29
что взять на бали,0,7,0%,24.86
cleanest beaches in bali,0,7,0%,25.43
что посмотреть в чангу,0,7,0%,29.43
сколько стоит поехать на бали,0,7,0%,32.86
bali montagne,0,7,0%,33.57
how to get around bali,0,7,0%,42.71
gili islands trip,0,7,0%,43.57
плавание с акулами,0,7,0%,43.71
bali gili islands,0,7,0%,45.57
batur bali,0,7,0%,45.57
sunset spots near me,0,7,0%,47.57
bali airport to city,0,7,0%,53.14
gili trawangan bali,0,7,0%,56.57
seminyak travel guide,0,7,0%,61.14
gili meno,0,7,0%,62.29
батур,0,7,0%,62.71
plage uluwatu,0,7,0%,63.14
yacht party jbr,0,7,0%,63.57
chungoo bali,0,7,0%,64.86
manta ray bali,0,7,0%,65.29
бали пляж для отдыха с детьми,0,7,0%,73.29
nusa lembongan,0,7,0%,74.86
uluwatu beach,0,7,0%,81.29
snorkeling with manta rays,0,7,0%,84.57
nusa dua beach,0,6,0%,2.83
bali beach clear water,0,6,0%,3.17
nusa dua bali,0,6,0%,3.17
nusa dua day trip from seminyak,0,6,0%,5.83
%seminyak to blue lagoon beach padangbai drive time,0,6,0%,6.67
uluwatu temple or tanah lot which is better,0,6,0%,6.83
seminyak to blue lagoon padangbai drive time,0,6,0%,7.17
kelingking beach viewpoint,0,6,0%,7.33
white sandy beach bali,0,6,0%,7.33
von uluwatu nach nusa penida,0,6,0%,7.5
hot spring mt batur,0,6,0%,8
sanur or seminyak which is better,0,6,0%,8
bedugul highlands,0,6,0%,8.33
ubud private driver cost,0,6,0%,8.5
bateau sanur nusa penida,0,6,0%,8.67
bedugul,0,6,0%,8.67
hot spring mont batur,0,6,0%,9.67
warung shanti blue lagoon padangbai bali,0,6,0%,9.83
seminyak nusa dua,0,6,0%,11
gili to seminyak,0,6,0%,11.5
grab bali price,0,6,0%,11.67
blaue lagune bali,0,6,0%,11.83
best beaches near seminyak,0,6,0%,12
лучшие пляжи бали без волн,0,6,0%,12.83
ubud to nusa penida,0,6,0%,13.5
bali driver cost,0,6,0%,16.17
bali driver price,0,6,0%,16.5
kuta seminyak,0,6,0%,18
как добраться с бали на гили,0,6,0%,18
uluwatu to seminyak,0,6,0%,18.67
sunset bali,0,6,0%,19.17
best white sand beach in bali,0,6,0%,19.33
fast boat from sanur to nusa penida,0,6,0%,19.5
seminyak to kuta,0,6,0%,22.33
как передвигаться на бали,0,6,0%,23.33
полет на вертолете бали,0,6,0%,24
uluwatu bali,0,6,0%,25
bali surf forecast,0,6,0%,25.17
mount batur sunrise trekking,0,6,0%,26.5
instagrammable places in bali,0,6,0%,27.5
batur natural hot spring,0,6,0%,27.83
handicap snorkeling bali,0,6,0%,29.5
short excursion manta,0,6,0%,30.5
nusa penida or nusa lembongan,0,6,0%,32
surfen auf bali,0,6,0%,33
остров гили мено,0,6,0%,33.17
seminyak beach things to do,0,6,0%,36
bali seminyak blog,0,6,0%,38.5
bali surfen,0,6,0%,38.83
hot air balloon price,0,6,0%,44.5
"""bali""",0,6,0%,46.17
bali excursion expenses,0,6,0%,48.5
canggu things to do,0,6,0%,48.5
canggu what to do,0,6,0%,50
цена на бали,0,6,0%,51.67
blue lagoon snorkeling,0,6,0%,55.33
atv bali,0,6,0%,58
snorkling bali,0,6,0%,58.5
bali beste reisezeit,0,6,0%,58.67
бали экскурсии цены,0,6,0%,59.17
reisezeit bali,0,6,0%,62
penida,0,6,0%,63.17
transport in bali,0,6,0%,64
bali atv ride,0,6,0%,65.33
transportation in bali,0,6,0%,69.67
1 week in bali itinerary,0,6,0%,71
tanah lot temple bali,0,5,0%,2.2
bali levy fee,0,5,0%,2.6
jimbaran bali,0,5,0%,3
mt batur vs mt bromo,0,5,0%,3
巴厘岛旅游税,0,5,0%,4
bali private driver daily price 2026,0,5,0%,4.4
nyepi segara nusa penida 2026,0,5,0%,4.8
canggu or kuta,0,5,0%,6
da uluwatu a nusa penida,0,5,0%,6.2
how many days nusa penida,0,5,0%,6.4
mont batur source chaude,0,5,0%,6.6
uluwatu to penida island,0,5,0%,6.6
bali private driver full day price 2026,0,5,0%,6.8
surfkurs bali,0,5,0%,7
хандара,0,5,0%,7
warung shanti blue lagoon padangbai,0,5,0%,7.2
bali private driver cost per day,0,5,0%,7.6
how much is grab in bali,0,5,0%,7.6
sanur nusa penida fast boat price 2026,0,5,0%,7.6
uluwatu temple vs tanah lot,0,5,0%,8
nusa penida from canggu,0,5,0%,8.2
handara gate ticket price,0,5,0%,8.4
how much does grab cost in bali,0,5,0%,8.4
seminyak to gili trawangan,0,5,0%,8.6
white beach in bali,0,5,0%,8.6
ferry from uluwatu to nusa penida,0,5,0%,9.2
which is better seminyak or kuta,0,5,0%,9.2
nusa penida worth it,0,5,0%,9.6
sanur nusa penida fast boat,0,5,0%,9.6
seminyak and nusa dua,0,5,0%,9.6
uluwatu ubud,0,5,0%,10
bali sonnenuntergang,0,5,0%,10.2
tiburon ballena en indonesia,0,5,0%,10.2
hot springs mount batur bali,0,5,0%,10.4
nusa penida fee,0,5,0%,10.4
bali white water rafting with kids,0,5,0%,10.6
nusa penida to sanur fast boat,0,5,0%,10.6
canggu and seminyak,0,5,0%,11
canggu 中文,0,5,0%,11
is seminyak near kuta,0,5,0%,11.2
jatiluwih rice terraces vs tegalalang,0,5,0%,11.2
пляж чангу бали,0,5,0%,11.2
seminyak and kuta,0,5,0%,11.4
day trip from bali to gili islands,0,5,0%,11.8
hot spring near mount batur,0,5,0%,12
mejor playa de uluwatu,0,5,0%,12.2
брокен бич,0,5,0%,12.6
seminyak to gili,0,5,0%,12.8
jatiluwih vs tegallalang,0,5,0%,13.2
ловина дельфины,0,5,0%,13.4
bali view point,0,5,0%,15.4
angel’s billabong,0,5,0%,16.4
day trips from seminyak to jimbaran beach pantai jimbaran,0,5,0%,16.6
kelingking beach bali,0,5,0%,16.8
black lava bali,0,5,0%,17
seminyak and canggu,0,5,0%,17.4
gili air o gili trawangan,0,5,0%,18
keling beach,0,5,0%,18.8
seminyak canggu,0,5,0%,20
лучшие пляжи бали для купания без волн,0,5,0%,20.4
seminyak or canggu,0,5,0%,20.6
ubud to mount batur,0,5,0%,21
бали стоимость,0,5,0%,21.4
best place to stay in bali for first timers,0,5,0%,21.8
можно ли купаться на бали,0,5,0%,22.4
поездка на бали цена,0,5,0%,22.4
бали цены,0,5,0%,23
is bali safe,0,5,0%,23.6
bali tourist tax,0,5,0%,24.6
пляжи чангу,0,5,0%,25
индонезия бали цены,0,5,0%,27
острова гили как добраться,0,5,0%,27.6
nusa penida best beaches bali,0,5,0%,28.4
巴杜爾火 山,0,5,0%,28.6
остров гили бали,0,5,0%,31.4
tanah lot bali,0,5,0%,35.6
бедугул танах лот,0,5,0%,39.2
nusa bali,0,5,0%,42.2
where to surf bali,0,5,0%,43
bali beach clubs,0,5,0%,43.8
bali helicopter tour,0,5,0%,44.6
regenzeit bali,0,5,0%,47
bali tourism levy,0,5,0%,48.2
party dubai marina,0,5,0%,48.8
trip to gili islands from bali,0,5,0%,49.2
water falls bali,0,5,0%,49.8
canggu beach bali indonesia,0,5,0%,51
nusa penida east tour,0,5,0%,53.6
чистые пляжи на бали,0,5,0%,54.4
bali reisezeit,0,5,0%,55.2
bali scams,0,5,0%,55.8
bali airport transfer,0,5,0%,56
seminyak bali travel guide,0,5,0%,57.2
comment se deplacer a bali,0,5,0%,58.4
bali 7 day itinerary,0,5,0%,59.6
how to go to nusa penida from bali,0,5,0%,62.8
surfen bali,0,5,0%,63
nager avec les dauphin bali,0,5,0%,64
gili air,0,5,0%,66.2
best sunset bali,0,5,0%,67.6
visiter nusa penida,0,5,0%,72.4
beach in canggu bali,0,5,0%,72.8
bali nusa penida,0,5,0%,73
bali to nusa penida,0,5,0%,73.8
nusa lembogan,0,5,0%,79.2
tanah lot temple to uluwatu temple distance,0,4,0%,1.75
galungan november 2026,0,4,0%,3.5
gili islands,0,4,0%,3.75
best beaches in bali,0,4,0%,4.25
si,0,4,0%,4.5
галунган 2026,0,4,0%,4.5
day trips from seminyak to gili islands,0,4,0%,4.75
nager avec les tortues bali,0,4,0%,4.75
superficie gili meno,0,4,0%,5
нуса пенида лестница,0,4,0%,5
blue lagoon beach padangbai seminyak drive time,0,4,0%,5.5
чанду бали,0,4,0%,6
mount batur gefährlich,0,4,0%,6.25
playa de kelingking,0,4,0%,6.5
seminyak to blue lagoon beach padangbai drive time bali,0,4,0%,6.5
bali private driver daily cost 2026,0,4,0%,6.75
mount batur wanderung höhenmeter,0,4,0%,7
ченгу бали,0,4,0%,7
is grab expensive in bali,0,4,0%,7.5
kuningan 2027,0,4,0%,7.5
handara gate entry fee,0,4,0%,7.75
rinjani vs bromo,0,4,0%,7.75
day trip gili islands,0,4,0%,8
sanur harbour to nusa penida,0,4,0%,8
walhai bali,0,4,0%,8
day trip from uluwatu to nusa penida,0,4,0%,8.25
nusa penida to sanur fast boat time,0,4,0%,8.75
bali tourist levy,0,4,0%,9
cusnto presupuesro para 7 dias en bali,0,4,0%,9
diamond beach stairs,0,4,0%,9
hot springs near mount batur,0,4,0%,9
monte batur,0,4,0%,9.25
uluwatu nach nusa penida,0,4,0%,9.25
sanur to nusa penida ferry price,0,4,0%,9.75
surfen auf bali für anfänger,0,4,0%,9.75
walhaie bali,0,4,0%,9.75
warung shanti blue lagoon beach padangbai,0,4,0%,9.75
сколько стоит тур на бали,0,4,0%,9.75
nusa dua white sand beach,0,4,0%,10
uluwatu or canggu,0,4,0%,10
нуса пенида пляж,0,4,0%,10
巴厘岛安全吗,0,4,0%,10
canggu of uluwatu,0,4,0%,10.25
que hacer en bali con niños,0,4,0%,10.25
sandy beach bali,0,4,0%,10.25
sumbawa whale shark season,0,4,0%,10.25
отпуск на бали стоимость,0,4,0%,10.25
how to get from canggu to nusa penida,0,4,0%,10.5
seminyak vs nusa dua which is better,0,4,0%,10.5
amanecer monte batur,0,4,0%,10.75
is seminyak better than kuta,0,4,0%,10.75
blue lagoon padang bai,0,4,0%,11
nusa penida stairs,0,4,0%,11
white sand,0,4,0%,11
bali where to stay for first time,0,4,0%,11.25
islas gili fiesta,0,4,0%,11.25
сколько стоит поездка на бали на двоих,0,4,0%,11.25
bali blue lagoon,0,4,0%,11.5
batur hot spring bali,0,4,0%,11.5
nusa dua bali white sand beach,0,4,0%,11.5
playas cerca de mi,0,4,0%,11.5
nusa lembongan vs nusa penida,0,4,0%,11.75
остров бали чангу,0,4,0%,11.75
пляж нуса пенида,0,4,0%,11.75
nusa dua beach calm water kids,0,4,0%,12
seminyak vs ubud,0,4,0%,12.5
canggu to denpasar airport,0,4,0%,12.75
сколько стоит путевка на бали на 1 человека,0,4,0%,12.75
nusa dua beach bali white sand,0,4,0%,13
canggu kuta bali,0,4,0%,13.5
day trip to gili islands from seminyak,0,4,0%,14.25
рафтинг бали,0,4,0%,14.25
отдых на бали цена,0,4,0%,14.5
how to reach nusa penida from bali airport,0,4,0%,15
bali surfen lernen,0,4,0%,15.5
7 days bali itinerary dubai staycation,0,4,0%,15.75
day trips from kuta to gili trawangan,0,4,0%,16.25
distance nusa dua to seminyak,0,4,0%,17.75
район санур бали,0,4,0%,18
best area to stay in bali for first timers,0,4,0%,18.25
manta bay vs manta point,0,4,0%,18.5
how far is seminyak to nusa dua,0,4,0%,19
бали семиньяк,0,4,0%,19
coucher de soleil bali,0,4,0%,19.25
mount batur trip from ubud,0,4,0%,19.25
сколько стоит отпуск на бали,0,4,0%,19.25
nusa penida tour from sanur,0,4,0%,21
gili air or gili trawangan,0,4,0%,22
de seminyak a templo tanah lot pura tanah lot,0,4,0%,23.25
dubai to sheikh zayed mosque,0,4,0%,23.25
что взять с собой на бали,0,4,0%,23.75
is nusa penida worth visiting,0,4,0%,24
bali indonesia snorkeling,0,4,0%,24.25
best beaches seminyak,0,4,0%,24.75
gili islands bali,0,4,0%,25
гили траванган бали,0,4,0%,25.25
visit sheikh zayed mosque from dubai,0,4,0%,25.5
как перемещаться по бали,0,4,0%,25.5
securite a bali,0,4,0%,26.5
best place to stay in bali for first-timers,0,4,0%,27.5
какие вещи брать на бали,0,4,0%,27.5
angel's billabong,0,4,0%,28
bali and the gili islands,0,4,0%,28.5
bali trip price,0,4,0%,28.5
как добраться до гили,0,4,0%,28.5
instagram worthy places in bali,0,4,0%,30.75
gili islands trip from bali,0,4,0%,31.5
white water rafting ubud,0,4,0%,31.75
angel billabong nusa penida,0,4,0%,32
уроки серфинга на бали,0,4,0%,32
how to get to penida island from bali,0,4,0%,33.75
gili air of gili trawangan,0,4,0%,34.75
7 days in bali itinerary,0,4,0%,35
menjangan island,0,4,0%,35.75
what to do in seminyak,0,4,0%,35.75
snorkeling in bali indonesia,0,4,0%,36.75
bali surf spots,0,4,0%,38.25
best beaches to swim in bali,0,4,0%,39.5
surfbrettverleih,0,4,0%,41.75
bali surf spot,0,4,0%,42
comment se déplacer à bali en famille,0,4,0%,42.75
boat to nusa penida,0,4,0%,43.25
7 days in bali,0,4,0%,43.75
beaches seminyak,0,4,0%,44.5
水 明 漾,0,4,0%,45
ubud,0,4,0%,45.5
beste reisezeit für bali,0,4,0%,46.5
nusa lembongan ou nusa penida,0,4,0%,47
best day clubs bali,0,4,0%,47.75
helicopter tour bali,0,4,0%,49
batur volcano,0,4,0%,49.5
beaches in canggu,0,4,0%,50
visa requirements bali,0,4,0%,51
seminyak guide,0,4,0%,51.25
bali atv quadbike,0,4,0%,52.25
best surf spots in bali,0,4,0%,52.75
bali visa,0,4,0%,53
plage nusa penida,0,4,0%,54.25
ferry to nusa penida,0,4,0%,56
лучший пляж для серфинга на бали,0,4,0%,56.25
nusa penida boat,0,4,0%,59.5
best sunset in bali,0,4,0%,60.25
yacht clubbing,0,4,0%,62.5
visa for bali,0,4,0%,63.5
batur,0,4,0%,64.75
walhaie schwimmen,0,4,0%,65.25
dubai party boat,0,4,0%,65.5
bali to nusa penida ferry,0,4,0%,66.75
atv bali ride,0,4,0%,67.25
nusa penida to bali,0,4,0%,67.75
best beach clubs in bali,0,4,0%,69.75
"""circuit + 1 semaine a bali (40)",0,4,0%,73
is it safe to go to bali,0,4,0%,74.25
how to get to nusa penida,0,4,0%,75.25
surf canggu bali,0,4,0%,76.25
canggu surfing,0,4,0%,78
когда пляжный сезон на бали,0,4,0%,78.75
пляжный отдых на бали,0,4,0%,79.75
sanur bali,0,3,0%,2.33
jimbaran,0,3,0%,2.67
scenic viewpoint,0,3,0%,2.67
bali?,0,3,0%,3
jimbaran beach,0,3,0%,3
hiking in bali without a guide,0,3,0%,4
manta bay bali,0,3,0%,4
canggu to nusa penida day trip,0,3,0%,5
gili meno danger,0,3,0%,5
is gili t safe,0,3,0%,5
canggu to kintamani,0,3,0%,5.33
galungan januari 2027,0,3,0%,5.33
bali private driver price per day 2026,0,3,0%,6.33
seminyak to mount batur,0,3,0%,6.33
uluwatu a nusa penida,0,3,0%,6.33
sanur to nusa penida travel time,0,3,0%,6.67
is bluebird cheaper than grab,0,3,0%,7
como ir de ubud a nusa penida,0,3,0%,7.33
ferry uluwatu nusa penida,0,3,0%,7.33
gili tour from bali,0,3,0%,7.33
sanur harbour to nusa penida ferry time,0,3,0%,7.33
tirta empul purification ritual,0,3,0%,7.33
tulamben schnorcheln,0,3,0%,7.33
закаты на бали,0,3,0%,7.33
bali galungan 2027,0,3,0%,7.67
ubud or uluwatu which is better,0,3,0%,7.67
walhai indonesien,0,3,0%,7.67
kelingking beach 中文,0,3,0%,8
mount rinjani vs mount bromo,0,3,0%,8
sanur to nusa penida boat,0,3,0%,8
tanah lot temple,0,3,0%,8
how much is a private driver in bali,0,3,0%,8.33
ja,0,3,0%,8.33
kelingking beach dangereux,0,3,0%,8.33
sanur to nusa penida distance,0,3,0%,8.33
峇里島安寧日2027,0,3,0%,8.33
巴厘岛日落,0,3,0%,8.33
canggu/seminyak,0,3,0%,9
hot springs bali batur,0,3,0%,9
how much is bali tourist tax,0,3,0%,9
kelingking beach swimming,0,3,0%,9
sanur to seminyak,0,3,0%,9
bali mantarochen,0,3,0%,9.33
blue lagoon beach padangbai official hours,0,3,0%,9.33
is uluwatu in ubud,0,3,0%,9.33
quad mont batur,0,3,0%,9.33
que hacer en bali 7 dias,0,3,0%,9.33
uluwatu vs canggu,0,3,0%,9.33
инстаграмные места бали,0,3,0%,9.33
келингкинг пляж,0,3,0%,9.33
bali en 5 jours,0,3,0%,9.67
bali private driver full day price 2026 10 hours,0,3,0%,9.67
de seminyak a jimbaran,0,3,0%,9.67
grab prices bali,0,3,0%,9.67
warung blue lagoon padangbai blue lagoon beach,0,3,0%,9.67
серфинг на бали для новичков,0,3,0%,9.67
bedugul bali,0,3,0%,10
ferry from nusa penida to sanur,0,3,0%,10
handara gate to tanah lot temple distance,0,3,0%,10
is canggu and seminyak the same,0,3,0%,10
mont batur en 4x4,0,3,0%,10
mount batur bali hot springs,0,3,0%,10
sanur to nusa penida private boat,0,3,0%,10
seminyak/canggu,0,3,0%,10
broken beach & angel's billabong,0,3,0%,10.33
canggu or uluwatu which is better,0,3,0%,10.33
canggu to kuta,0,3,0%,10.33
höhe mount batur,0,3,0%,10.33
is canggu close to seminyak,0,3,0%,10.33
kuningan 2026,0,3,0%,10.33
last boat from nusa penida to sanur,0,3,0%,10.33
ubud nusa penida,0,3,0%,10.33
surf en bali para principiantes,0,3,0%,10.67
bedugul highland,0,3,0%,11
day trips from seminyak to lombok,0,3,0%,11
is kuta better than seminyak,0,3,0%,11
playas en uluwatu,0,3,0%,11
sanur + ubud + seminyak,0,3,0%,11.33
manta point bali,0,3,0%,11.67
острова гили бали,0,3,0%,11.67
kuta vs seminyak vs canggu,0,3,0%,12
бали сколько стоит,0,3,0%,12
oui,0,3,0%,12.33
гили мено,0,3,0%,12.33
gili islands to seminyak,0,3,0%,12.67
cascada tukad cepung,0,3,0%,13
distance between seminyak and nusa dua,0,3,0%,13
гора батур,0,3,0%,13
galungan 2026 dates,0,3,0%,13.33
how far from nusa dua to seminyak,0,3,0%,13.67
uluwatu to seminyak distance,0,3,0%,15.33
nusa penida sanur,0,3,0%,16
район санур,0,3,0%,16
uluwatu seminyak,0,3,0%,16.33
sanur ferry to nusa penida,0,3,0%,16.67
лучшие водопады бали,0,3,0%,17.33
how far is seminyak to uluwatu,0,3,0%,17.67
how to get around in bali,0,3,0%,17.67
букит бали,0,3,0%,18.67
best beaches canggu,0,3,0%,19.33
cleanest beach in bali,0,3,0%,19.67
uluwatu vs umalas,0,3,0%,20
bali best views,0,3,0%,20.33
такси на бали,0,3,0%,20.67
explore bali's whale sharks through snorkeling adventures,0,3,0%,21.33
private driver in bali cost,0,3,0%,21.33
сезон серфинга на бали,0,3,0%,21.33
snorkel nusa penida,0,3,0%,23
gili island from bali,0,3,0%,24
mount bromo vs mount batur,0,3,0%,24.67
ubud to mount batur distance,0,3,0%,24.67
что с собой брать на бали,0,3,0%,25
manta ray swimming bali,0,3,0%,25.33
ubud to uluwatu,0,3,0%,25.67
лучшее время для посещения бали,0,3,0%,27
гили на бали,0,3,0%,27.67
гили траванган,0,3,0%,28
7 days in bali dubai staycation,0,3,0%,28.33
excursion nusa penida,0,3,0%,28.33
visiter ubud,0,3,0%,28.33
clean beach in bali,0,3,0%,29
семиняк,0,3,0%,29
bali airport transfer cost,0,3,0%,30.33
gili air gili trawangan,0,3,0%,30.33
tanah lot entrance fee,0,3,0%,30.67
список вещей на бали,0,3,0%,31
menjangan,0,3,0%,31.33
экскурсии бали нуса пенида,0,3,0%,33.33
tegalalang rice terrace vs jatiluwih,0,3,0%,33.67
нуса пенида за один день,0,3,0%,33.67
бали пляжи для купания,0,3,0%,34
grab bali,0,3,0%,34.33
volcano terrace bali,0,3,0%,34.67
виза на бали,0,3,0%,34.67
best snorkeling in bali for beginners,0,3,0%,35
в какой месяц лучше ехать на бали,0,3,0%,35
bali beaches seminyak,0,3,0%,36
best view in bali,0,3,0%,36.33
day tour manta,0,3,0%,36.33
巴厘岛旺季,0,3,0%,36.33
white sands beach bali,0,3,0%,37.67
巴厘岛旅游季节,0,3,0%,37.67
manta point nusa penida,0,3,0%,38
what to do seminyak,0,3,0%,38
best temples in bali,0,3,0%,38.67
tortue bali,0,3,0%,38.67
best places to watch sunset,0,3,0%,39
нуса пенида экскурсии с бали,0,3,0%,39
nusa penida snorkeling,0,3,0%,39.33
angels billabong nusa penida,0,3,0%,40
bali's best waterfalls,0,3,0%,40
surf spots in bali,0,3,0%,40.33
best beach bali for swimming,0,3,0%,40.67
gili islands tour from bali,0,3,0%,41
visiter bali en 5 jours,0,3,0%,42
what to do in seminyak bali indonesia,0,3,0%,42
топ водопадов бали,0,3,0%,42
what to do canggu,0,3,0%,42.67
10 day bali itinerary,0,3,0%,43
how long does it take to get to bali,0,3,0%,43
where to go in seminyak,0,3,0%,43.33
surfing spots bali,0,3,0%,43.67
бали пляжи,0,3,0%,45.33
вулкан батур,0,3,0%,45.33
bali unesco,0,3,0%,46
bali water falls,0,3,0%,46.67
helicopter tours bali,0,3,0%,47
best places to visit in bali for first-timers,0,3,0%,47.33
bali atv tours,0,3,0%,48.67
bali sunset tour,0,3,0%,49.67
arrozales de jatiluwih,0,3,0%,50
bali gili,0,3,0%,50.33
monte batur bali,0,3,0%,50.33
atv ride bali,0,3,0%,51
gili bali,0,3,0%,51
airport transfer bali,0,3,0%,51.67
angel's billabong nusa penida,0,3,0%,51.67
лучшие пляжи бали фото,0,3,0%,52.67
пляжи бали,0,3,0%,53.33
tax bali,0,3,0%,54
серфинг на бали,0,3,0%,54
itinéraire bali 10 jours,0,3,0%,54.67
best month to visit bali,0,3,0%,55.33