Популярные страницы,Kлики,Показы,CTR,Позиция
https://www.sbexcursion.com/bali/en/journal/best-beaches-bali-crystal-clear-water,43,2199,1.96%,9.05
https://www.sbexcursion.com/bali/en/journal/nusa-penida-day-trip-from-uluwatu,18,2231,0.81%,6.78
https://www.sbexcursion.com/bali/en/journal/sanur-vs-uluwatu,16,675,2.37%,6.41
https://www.sbexcursion.com/bali/en/journal/best-white-sand-beaches-bali,14,1291,1.08%,9.33
https://www.sbexcursion.com/bali/en/journal/mount-batur-vs-bromo-rinjani-ijen,14,361,3.88%,5.43
https://www.sbexcursion.com/bali/en/journal/bali-snorkeling-for-beginners,13,663,1.96%,22.99
https://www.sbexcursion.com/bali/en/journal/what-to-wear-mount-batur-sunrise,10,411,2.43%,6.5
https://www.sbexcursion.com/bali/fr/journal/is-nusa-penida-safe,9,138,6.52%,6.45
https://www.sbexcursion.com/bali/fr/journal/can-you-hike-mount-batur-without-a-guide,9,64,14.06%,3.98
https://www.sbexcursion.com/bali/en/journal/bali-grab-taxi-driver-cost,8,2218,0.36%,6.9
https://www.sbexcursion.com/bali/en/journal/seminyak-vs-uluwatu,8,815,0.98%,8.64
https://www.sbexcursion.com/bali/en/main-page,8,186,4.3%,7.6
https://www.sbexcursion.com/bali/en/journal/whale-shark-season-sumbawa,7,444,1.58%,7.11
https://www.sbexcursion.com/bali/fr/journal/bali-private-driver-cost,7,169,4.14%,5.96
https://www.sbexcursion.com/bali/es/journal/is-nusa-penida-worth-it,7,123,5.69%,13.62
https://www.sbexcursion.com/bali/fr/journal/mount-batur-hot-springs-guide,6,147,4.08%,7.78
https://www.sbexcursion.com/bali/es/journal/is-nusa-penida-safe,6,94,6.38%,5.11
https://www.sbexcursion.com/bali/en/journal/nusa-dua-vs-seminyak,5,2099,0.24%,11.88
https://www.sbexcursion.com/bali/en/journal/mount-batur-hot-springs-guide,5,1076,0.46%,10.06
https://www.sbexcursion.com/bali/fr/journal/white-water-rafting-bali-guide,5,383,1.31%,11.63
https://www.sbexcursion.com/bali/en/journal/can-you-hike-mount-batur-without-a-guide,5,346,1.45%,6.67
https://www.sbexcursion.com/bali/es/journal/best-beaches-uluwatu-bukit,5,334,1.5%,8.9
https://www.sbexcursion.com/bali/en/journal/ubud-to-mount-batur,5,279,1.79%,5.72
https://www.sbexcursion.com/bali/en/journal/mount-batur-black-lava-fields,5,230,2.17%,6.31
https://www.sbexcursion.com/bali/ru/journal/can-you-hike-mount-batur-without-a-guide,5,108,4.63%,3.43
https://www.sbexcursion.com/bali/es/journal/are-gili-islands-safe,5,103,4.85%,4.32
https://www.sbexcursion.com/bali/fr/journal/manta-ray-season-bali,5,98,5.1%,5.98
https://www.sbexcursion.com/bali/fr/journal/how-hard-is-the-mount-batur-hike,5,65,7.69%,6.48
https://www.sbexcursion.com/bali/fr/journal/ubud-in-one-day,5,62,8.06%,6.19
https://www.sbexcursion.com/bali/es/journal/can-you-hike-mount-batur-without-a-guide,5,28,17.86%,2.61
https://www.sbexcursion.com/bali/en/journal/sanur-to-nusa-penida-fast-boat,4,2527,0.16%,9.66
https://www.sbexcursion.com/bali/en/journal/canggu-vs-kuta,4,686,0.58%,7.63
https://www.sbexcursion.com/bali/en/journal/where-to-stay-bali-first-time,4,621,0.64%,10.43
https://www.sbexcursion.com/bali/en/journal/best-beaches-canggu-seminyak,4,461,0.87%,26.1
https://www.sbexcursion.com/bali/en/journal/manta-ray-season-bali,4,427,0.94%,6.76
https://www.sbexcursion.com/bali/es/journal/bali-tourist-tax-levy-guide,4,344,1.16%,6.94
https://www.sbexcursion.com/bali/en/journal/nusa-penida-with-kids,4,276,1.45%,6.9
https://www.sbexcursion.com/bali/en/journal/rice-terrace-season-jatiluwih-tegalalang,4,215,1.86%,6
https://www.sbexcursion.com/bali/en/journal/snorkeling-near-seminyak-and-canggu,4,212,1.89%,6.7
https://www.sbexcursion.com/bali/en/journal/is-nusa-penida-safe,4,169,2.37%,6.17
https://www.sbexcursion.com/bali/en/journal/canggu-to-mount-batur,4,148,2.7%,5.58
https://www.sbexcursion.com/bali/en/journal/swimming-with-whale-sharks-indonesia,4,145,2.76%,11.75
https://www.sbexcursion.com/bali/es/journal/canggu-vs-uluwatu,4,138,2.9%,8.7
https://www.sbexcursion.com/bali/en/journal/nusa-penida-without-a-tour,4,136,2.94%,8.4
https://www.sbexcursion.com/bali/es/journal/gili-islands-vs-nusa-penida,4,95,4.21%,6.18
https://www.sbexcursion.com/bali/es/journal/best-beaches-canggu-seminyak,4,88,4.55%,6.6
https://www.sbexcursion.com/bali/es/journal/calm-beaches-bali-kids,4,79,5.06%,4.92
https://www.sbexcursion.com/bali/es/journal/whale-shark-season-sumbawa,4,78,5.13%,5.45
https://www.sbexcursion.com/bali/es/journal/mount-batur-sunrise-hike/travel-guide,4,73,5.48%,9.6
https://www.sbexcursion.com/bali/ru/journal/kuta-vs-seminyak,4,72,5.56%,7.11
https://www.sbexcursion.com/bali/ru/journal/canggu-vs-seminyak,4,63,6.35%,5.3
https://www.sbexcursion.com/bali/fr/journal/manta-bay-vs-manta-point,4,57,7.02%,5.65
https://www.sbexcursion.com/bali/ru/journal/white-water-rafting-bali-guide,4,52,7.69%,9.27
https://www.sbexcursion.com/bali/ru/journal/whale-shark-season-sumbawa,4,47,8.51%,5.43
https://www.sbexcursion.com/bali/ru/journal/manta-ray-season-bali,4,38,10.53%,4.18
https://www.sbexcursion.com/bali/fr/journal/calm-beaches-bali-kids,4,34,11.76%,6.12
https://www.sbexcursion.com/bali/ru/journal/nusa-penida-without-a-tour,4,28,14.29%,5.96
https://www.sbexcursion.com/bali/ru/journal/what-to-wear-mount-batur-sunrise,4,25,16%,4.24
https://www.sbexcursion.com/bali/fr/journal/mount-batur-in-rainy-season,4,11,36.36%,3.91
https://www.sbexcursion.com/bali/en/journal/bali-private-driver-cost,3,1430,0.21%,10.21
https://www.sbexcursion.com/bali/en/journal/gili-islands-day-trip-from-bali,3,1161,0.26%,13.82
https://www.sbexcursion.com/bali/en/journal/kuta-vs-seminyak,3,1134,0.26%,10.85
https://www.sbexcursion.com/bali/en/journal/nusa-penida-day-trip-from-sanur,3,759,0.4%,10.57
https://www.sbexcursion.com/bali/en/journal/ubud-vs-uluwatu,3,576,0.52%,8.01
https://www.sbexcursion.com/bali/fr/journal/kelingking-beach-guide,3,335,0.9%,7.64
https://www.sbexcursion.com/bali/en/journal/mount-batur-vs-mount-agung,3,261,1.15%,7.27
https://www.sbexcursion.com/bali/en/journal/canggu-vs-uluwatu,3,246,1.22%,9.45
https://www.sbexcursion.com/bali/en/journal/tanah-lot-vs-uluwatu-sunset,3,237,1.27%,6.24
https://www.sbexcursion.com/bali/en/journal/nusa-penida-day-trip-from-canggu,3,186,1.61%,8.44
https://www.sbexcursion.com/bali/en/journal/best-beach-clubs-bali-young-adults,3,173,1.73%,20.56
https://www.sbexcursion.com/bali/en/journal/best-budget-restaurants-bali-warungs,3,143,2.1%,10.91
https://www.sbexcursion.com/bali/en/journal/bali-day-trips-with-kids,3,138,2.17%,8.88
https://www.sbexcursion.com/bali/en/journal/canggu-surf-spots,3,134,2.24%,34.4
https://www.sbexcursion.com/bali/en/journal/menjangan-island-bali,3,125,2.4%,8.47
https://www.sbexcursion.com/bali/en/journal/mount-batur-sunrise-jeep-vs-hike,3,120,2.5%,7.66
https://www.sbexcursion.com/bali/fr/journal/mount-batur-vs-mount-agung,3,120,2.5%,22.36
https://www.sbexcursion.com/bali/fr/journal/are-gili-islands-safe,3,109,2.75%,6.94
https://www.sbexcursion.com/bali/fr/journal/where-to-stay-bali-first-time,3,104,2.88%,6.98
https://www.sbexcursion.com/bali/es/journal/bali-safety-scams-and-health,3,102,2.94%,8.12
https://www.sbexcursion.com/bali/ru/journal/best-beaches-bali-crystal-clear-water,3,100,3%,33.17
https://www.sbexcursion.com/bali/ru/journal/best-beaches-canggu-seminyak,3,91,3.3%,9.3
https://www.sbexcursion.com/bali/es/journal/best-white-sand-beaches-bali,3,85,3.53%,6.54
https://www.sbexcursion.com/bali/fr/journal/is-mount-batur-safe,3,84,3.57%,19.62
https://www.sbexcursion.com/bali/es/journal/mount-batur-vs-mount-agung,3,73,4.11%,12.38
https://www.sbexcursion.com/bali/es/journal/how-hard-is-the-mount-batur-hike,3,71,4.23%,5.54
https://www.sbexcursion.com/bali/fr/journal/can-you-swim-in-bali,3,69,4.35%,5.99
https://www.sbexcursion.com/bali/ru/journal/best-budget-restaurants-bali-warungs,3,65,4.62%,7.66
https://www.sbexcursion.com/bali/es/journal/lovina-dolphin-tour-worth-it,3,63,4.76%,8.11
https://www.sbexcursion.com/bali/es/journal/bali-snorkeling-for-beginners,3,61,4.92%,7.7
https://www.sbexcursion.com/bali/fr/journal/what-to-wear-mount-batur-sunrise,3,55,5.45%,4.87
https://www.sbexcursion.com/bali/fr/journal/how-to-get-around-bali,3,47,6.38%,22.57
https://www.sbexcursion.com/bali/ru/journal/manta-point-bali-guide,3,45,6.67%,5.69
https://www.sbexcursion.com/bali/ru/journal/is-nusa-penida-safe,3,42,7.14%,5.74
https://www.sbexcursion.com/bali/es/journal/jatiluwih-vs-tegalalang,3,38,7.89%,5.61
https://www.sbexcursion.com/bali/zh/journal/surf-lessons-bali-beginners,3,35,8.57%,13.6
https://www.sbexcursion.com/bali/ru/journal/best-instagram-places-bali,3,33,9.09%,6.45
https://www.sbexcursion.com/bali/fr/journal/bali-snorkeling-for-beginners,3,30,10%,19.5
https://www.sbexcursion.com/bali/zh/journal/bali-airport-to-sanur-transfer,3,27,11.11%,4.07
https://www.sbexcursion.com/bali/ru/journal/tirta-empul-guide,3,25,12%,7.04
https://www.sbexcursion.com/bali/es/journal/mount-batur-sunrise-jeep-vs-hike,3,15,20%,4.87
https://www.sbexcursion.com/bali/ru/journal/nusa-penida-day-trip-from-seminyak,3,13,23.08%,5.62
https://www.sbexcursion.com/bali/en/journal/bali-surf-conditions-tides-swell-wind,2,469,0.43%,8.17
https://www.sbexcursion.com/bali/en/journal/bali-tourist-tax-levy-guide,2,401,0.5%,9.94
https://www.sbexcursion.com/bali/en/journal/seminyak-to-mount-batur,2,384,0.52%,9.12
https://www.sbexcursion.com/bali/en/journal/galungan-kuningan-dates-what-changes,2,349,0.57%,6.98
https://www.sbexcursion.com/bali/en/journal/are-gili-islands-safe,2,337,0.59%,6.47
https://www.sbexcursion.com/bali/en/journal/kelingking-beach-guide,2,329,0.61%,10.15
https://www.sbexcursion.com/bali/en/journal/best-viewpoints-bali-sunrise-cliffs-rice-terraces,2,312,0.64%,12.96
https://www.sbexcursion.com/bali/en/journal/gili-islands-vs-nusa-penida,2,282,0.71%,8.35
https://www.sbexcursion.com/bali/ru/journal/things-to-do-canggu-bali-guide,2,252,0.79%,9.66
https://www.sbexcursion.com/bali/es/journal/how-much-does-a-bali-trip-cost,2,245,0.82%,8.45
https://www.sbexcursion.com/bali/en/journal/where-to-see-manta-rays-in-bali,2,244,0.82%,7.34
https://www.sbexcursion.com/bali/es/journal/where-to-stay-bali-first-time,2,228,0.88%,7.77
https://www.sbexcursion.com/bali/en/journal/broken-beach-angels-billabong,2,214,0.93%,11.07
https://www.sbexcursion.com/bali/en/journal/how-to-get-around-bali,2,200,1%,35.35
https://www.sbexcursion.com/bali/en/journal/is-mount-batur-safe,2,197,1.02%,10.39
https://www.sbexcursion.com/bali/es/journal/airport-to-ubud-transfer,2,181,1.1%,5.4
https://www.sbexcursion.com/bali/fr/journal/grab-gojek-or-private-driver-bali,2,177,1.13%,6.97
https://www.sbexcursion.com/bali/en/journal/bali-surfboard-rental-and-transport,2,168,1.19%,6.79
https://www.sbexcursion.com/bali/ru/journal/where-to-see-manta-rays-in-bali,2,166,1.2%,6.84
https://www.sbexcursion.com/bali/ru/journal/best-beaches-uluwatu-bukit,2,144,1.39%,7.17
https://www.sbexcursion.com/bali/es/journal/best-beaches-bali-crystal-clear-water,2,125,1.6%,6.16
https://www.sbexcursion.com/bali/fr/journal/bali-visa-entry-requirements,2,125,1.6%,9.63
https://www.sbexcursion.com/bali/fr/journal/best-beaches-uluwatu-bukit,2,120,1.67%,18.62
https://www.sbexcursion.com/bali/en/journal/manta-bay-vs-manta-point,2,119,1.68%,7.29
https://www.sbexcursion.com/bali/fr/journal/airport-to-ubud-transfer,2,117,1.71%,6.62
https://www.sbexcursion.com/bali/en/journal/tirta-empul-guide,2,117,1.71%,7.68
https://www.sbexcursion.com/bali/fr/journal/tukad-cepung-waterfall-guide,2,113,1.77%,8.12
https://www.sbexcursion.com/bali/en/journal/gili-trawangan-guide,2,113,1.77%,16.81
https://www.sbexcursion.com/bali/en/journal/nusa-penida-vs-nusa-lembongan,2,105,1.9%,16.34
https://www.sbexcursion.com/bali/fr/journal/best-beaches-canggu-seminyak,2,103,1.94%,13.5
https://www.sbexcursion.com/bali/zh/journal/airport-to-ubud-transfer,2,102,1.96%,5.41
https://www.sbexcursion.com/bali/es/journal/best-snorkeling-spots-bali,2,101,1.98%,6.86
https://www.sbexcursion.com/bali/en/journal/handara-gate-bali-guide,2,92,2.17%,8.02
https://www.sbexcursion.com/bali/ru/journal/can-you-swim-in-bali,2,92,2.17%,10.53
https://www.sbexcursion.com/bali/ru/journal/canggu-vs-uluwatu,2,92,2.17%,10.8
https://www.sbexcursion.com/bali/en/journal/best-instagram-places-bali,2,88,2.27%,23.59
https://www.sbexcursion.com/bali/es/journal/grab-gojek-or-private-driver-bali,2,81,2.47%,5.38
https://www.sbexcursion.com/bali/en/journal/uluwatu-to-mount-batur,2,77,2.6%,4.22
https://www.sbexcursion.com/bali/es/journal/best-sunset-spots-bali,2,77,2.6%,6.19
https://www.sbexcursion.com/bali/es/journal/ubud-vs-uluwatu,2,71,2.82%,4.15
https://www.sbexcursion.com/bali/es/journal/can-you-swim-in-bali,2,71,2.82%,5.11
https://www.sbexcursion.com/bali/ru/journal/canggu-vs-kuta,2,69,2.9%,8.8
https://www.sbexcursion.com/bali/en/journal/nusa-penida-snorkeling-non-swimmers,2,68,2.94%,5.79
https://www.sbexcursion.com/bali/ru/journal/ubud-vs-uluwatu,2,66,3.03%,5.77
https://www.sbexcursion.com/bali/ru/journal/things-to-do-uluwatu-bali-guide,2,64,3.12%,9.2
https://www.sbexcursion.com/bali/fr/journal/whale-shark-season-sumbawa,2,63,3.17%,6.78
https://www.sbexcursion.com/bali/ru/journal/bali-safety-scams-and-health,2,63,3.17%,9.32
https://www.sbexcursion.com/bali/es/journal/ubud-in-one-day,2,62,3.23%,6.34
https://www.sbexcursion.com/bali/zh/journal/grab-gojek-or-private-driver-bali,2,60,3.33%,8.27
https://www.sbexcursion.com/bali/ru/journal/airport-to-ubud-transfer,2,56,3.57%,6.29
https://www.sbexcursion.com/bali/es/journal/private-car-with-driver-bali/travel-guide,2,53,3.77%,7.98
https://www.sbexcursion.com/bali/ru/journal/ubud-in-one-day,2,50,4%,7.14
https://www.sbexcursion.com/bali/fr/journal/sidemen-to-mount-batur,2,45,4.44%,3.89
https://www.sbexcursion.com/bali/fr/journal/kuta-vs-seminyak,2,45,4.44%,6.2
https://www.sbexcursion.com/bali/ru/journal/ubud-to-mount-batur,2,43,4.65%,4.93
https://www.sbexcursion.com/bali/ru/journal/nusa-dua-vs-seminyak,2,43,4.65%,5.65
https://www.sbexcursion.com/bali/es/journal/tukad-cepung-waterfall-guide,2,41,4.88%,7.05
https://www.sbexcursion.com/bali/ru/journal/best-viewpoints-bali-sunrise-cliffs-rice-terraces,2,38,5.26%,7.82
https://www.sbexcursion.com/bali/ru/journal/how-many-days-in-nusa-penida,2,38,5.26%,8.5
https://www.sbexcursion.com/bali/es/journal/is-mount-batur-worth-it,2,36,5.56%,5.86
https://www.sbexcursion.com/bali/ru/journal/how-to-get-to-nusa-penida,2,33,6.06%,7.61
https://www.sbexcursion.com/bali/fr/journal/canggu-vs-seminyak,2,32,6.25%,5.62
https://www.sbexcursion.com/bali/fr/journal/mount-batur-black-lava-fields,2,30,6.67%,6.13
https://www.sbexcursion.com/bali/en/tours/sunset-cruise-bali,2,30,6.67%,35.03
https://www.sbexcursion.com/bali/es/journal/canggu-vs-kuta,2,29,6.9%,6.76
https://www.sbexcursion.com/bali/es/journal/blue-lagoon-snorkeling/travel-guide,2,29,6.9%,7.59
https://www.sbexcursion.com/bali/es/journal/sidemen-to-mount-batur,2,28,7.14%,7.54
https://www.sbexcursion.com/bali/es/journal/bali-7-day-itinerary,2,27,7.41%,17.59
https://www.sbexcursion.com/bali/fr/journal/seminyak-vs-uluwatu,2,26,7.69%,4.81
https://www.sbexcursion.com/bali/ru/journal/things-to-do-ubud-bali-complete-guide,2,26,7.69%,27.85
https://www.sbexcursion.com/bali/es/journal/gili-air-vs-gili-trawangan,2,24,8.33%,7.96
https://www.sbexcursion.com/bali/ru/journal/nusa-penida-day-trip-from-sanur,2,23,8.7%,6.96
https://www.sbexcursion.com/bali/ru/journal/nusa-penida-one-day-itinerary,2,21,9.52%,6.81
https://www.sbexcursion.com/bali/fr/journal/is-mount-batur-worth-it,2,21,9.52%,14.71
https://www.sbexcursion.com/bali/es/journal/kuta-vs-seminyak,2,20,10%,4.85
https://www.sbexcursion.com/bali/ru/journal/mount-batur-sunrise-jeep-tour/travel-guide,2,20,10%,7.55
https://www.sbexcursion.com/bali/fr/journal/nusa-penida-with-kids,2,18,11.11%,5.28
https://www.sbexcursion.com/bali/ru/journal/lovina-dolphin-tour-worth-it,2,18,11.11%,10.89
https://www.sbexcursion.com/bali/fr/journal/bali-with-kids-family-guide,2,14,14.29%,10.64
https://www.sbexcursion.com/bali/ru/journal/gili-trawangan-guide,2,14,14.29%,15.21
https://www.sbexcursion.com/bali/de/journal/nusa-penida-with-kids,2,13,15.38%,4
https://www.sbexcursion.com/bali/es/journal/mount-batur-sunrise-jeep-tour/tour-schedule,2,12,16.67%,5.17
https://www.sbexcursion.com/bali/ru/journal/nusa-penida-with-kids,2,11,18.18%,3.91
https://www.sbexcursion.com/bali/es/journal/bali-tours-in-rainy-season,2,10,20%,7.3
https://www.sbexcursion.com/bali/en/journal/bali-safety-scams-and-health,1,402,0.25%,13.35
https://www.sbexcursion.com/bali/en/journal/calm-beaches-bali-kids,1,382,0.26%,6.92
https://www.sbexcursion.com/bali/en/journal/seminyak-vs-ubud,1,368,0.27%,11.17
https://www.sbexcursion.com/bali/en/journal/sanur-vs-seminyak,1,363,0.28%,8.47
https://www.sbexcursion.com/bali/en/journal/is-mount-batur-an-active-volcano,1,324,0.31%,8.7
https://www.sbexcursion.com/bali/en/journal/bali-canggu-beaches-guide,1,324,0.31%,19.8
https://www.sbexcursion.com/bali/ru/journal/how-much-does-a-bali-trip-cost,1,314,0.32%,19.16
https://www.sbexcursion.com/bali/en/journal/nusa-dua-to-mount-batur,1,298,0.34%,8.61
https://www.sbexcursion.com/bali/en/journal/gili-t-day-trip-from-seminyak,1,262,0.38%,8.27
https://www.sbexcursion.com/bali/ru/journal/best-sunset-spots-bali,1,254,0.39%,8.63
https://www.sbexcursion.com/bali/en/journal/bali-7-day-itinerary,1,235,0.43%,20.13
https://www.sbexcursion.com/bali/es/journal/kelingking-beach-guide,1,224,0.45%,8.93
https://www.sbexcursion.com/bali/en/journal/how-hard-is-the-mount-batur-hike,1,201,0.5%,8.99
https://www.sbexcursion.com/bali/fr/journal/sanur-to-nusa-penida-fast-boat,1,181,0.55%,8.38
https://www.sbexcursion.com/bali/en/journal/jatiluwih-vs-tegalalang,1,181,0.55%,11.88
https://www.sbexcursion.com/bali/en/journal/best-sunset-spots-bali,1,181,0.55%,24.83
https://www.sbexcursion.com/bali/en/journal/white-water-rafting-bali-guide,1,180,0.56%,9.22
https://www.sbexcursion.com/bali/es/journal/best-beaches-nusa-penida,1,171,0.58%,7.02
https://www.sbexcursion.com/bali/ru/journal/kelingking-beach-guide,1,154,0.65%,8.25
https://www.sbexcursion.com/bali/en/journal/best-beaches-uluwatu-bukit,1,153,0.65%,13.29
https://www.sbexcursion.com/bali/en/tour-prices,1,153,0.65%,14.22
https://www.sbexcursion.com/bali/ru/journal/calm-beaches-bali-kids,1,152,0.66%,10.55
https://www.sbexcursion.com/bali/en/journal/best-snorkeling-spots-bali,1,134,0.75%,11.95
https://www.sbexcursion.com/bali/en/journal/bali-snorkeling-cost,1,133,0.75%,7.08
https://www.sbexcursion.com/bali/ru/journal/best-white-sand-beaches-bali,1,127,0.79%,6.11
https://www.sbexcursion.com/bali/en/journal/bali-tours-for-seniors,1,124,0.81%,8.9
https://www.sbexcursion.com/bali/es/journal/swimming-with-whale-sharks-indonesia,1,122,0.82%,7.74
https://www.sbexcursion.com/bali/fr/journal/is-mount-batur-an-active-volcano,1,122,0.82%,9.16
https://www.sbexcursion.com/bali/en/journal/nusa-penida-day-trip-from-ubud,1,115,0.87%,8.09
https://www.sbexcursion.com/bali/fr/journal/jimbaran-vs-seminyak,1,106,0.94%,10.56
https://www.sbexcursion.com/bali/de/journal/is-nusa-penida-safe,1,105,0.95%,14.3
https://www.sbexcursion.com/bali/ru/journal/what-to-pack-for-bali,1,98,1.02%,13.71
https://www.sbexcursion.com/bali/es/journal/bali-private-driver-cost,1,97,1.03%,5.92
https://www.sbexcursion.com/bali/fr/journal/nusa-penida-day-trip-from-uluwatu,1,96,1.04%,8.25
https://www.sbexcursion.com/bali/zh/journal/how-much-does-a-bali-trip-cost,1,95,1.05%,7.18
https://www.sbexcursion.com/bali/en/journal/is-nusa-penida-worth-it,1,84,1.19%,7.63
https://www.sbexcursion.com/bali/ru/journal/grab-gojek-or-private-driver-bali,1,81,1.23%,6.17
https://www.sbexcursion.com/bali/zh/journal/mount-batur-vs-mount-agung,1,77,1.3%,9.4
https://www.sbexcursion.com/bali/es/journal/nusa-penida-day-trip-from-uluwatu,1,76,1.32%,5.59
https://www.sbexcursion.com/bali/es/journal/gili-islands-snorkelling-turtles,1,75,1.33%,7.88
https://www.sbexcursion.com/bali/fr/journal/where-is-mount-batur,1,74,1.35%,9
https://www.sbexcursion.com/bali/zh/journal/bali-safety-scams-and-health,1,73,1.37%,6.78
https://www.sbexcursion.com/bali/es/journal/things-to-do-canggu-bali-guide,1,72,1.39%,11.12
https://www.sbexcursion.com/bali/en/tours/gili-island-tour,1,72,1.39%,48.1
https://www.sbexcursion.com/bali/es/journal/manta-point-bali-guide,1,71,1.41%,8.01
https://www.sbexcursion.com/bali/en/journal/snorkeling-with-turtles-bali,1,70,1.43%,9.34
https://www.sbexcursion.com/bali/es/journal/best-budget-restaurants-bali-warungs,1,69,1.45%,6.88
https://www.sbexcursion.com/bali/fr/journal/best-budget-restaurants-bali-warungs,1,68,1.47%,7.34
https://www.sbexcursion.com/bali/ru/journal/canggu-vs-ubud,1,67,1.49%,4.82
https://www.sbexcursion.com/bali/fr/journal/what-time-to-leave-for-mount-batur-sunrise,1,67,1.49%,5.87
https://www.sbexcursion.com/bali/es/journal/is-mount-batur-an-active-volcano,1,66,1.52%,7.12
https://www.sbexcursion.com/bali/ru/journal/bali-itinerary-10-days,1,63,1.59%,14.83
https://www.sbexcursion.com/bali/fr/journal/best-beaches-bali-crystal-clear-water,1,62,1.61%,6.35
https://www.sbexcursion.com/bali/en/journal/mount-batur-atv-quad-or-jeep,1,61,1.64%,7.43
https://www.sbexcursion.com/bali/ru/journal/is-nusa-penida-worth-it,1,60,1.67%,5.77
https://www.sbexcursion.com/bali/ru/journal/bali-tourist-tax-levy-guide,1,60,1.67%,8.33
https://www.sbexcursion.com/bali/es/journal/bali-with-kids-family-guide,1,60,1.67%,8.47
https://www.sbexcursion.com/bali/en/tours/white-water-rafting,1,60,1.67%,19.5
https://www.sbexcursion.com/bali/en/journal/amed-to-mount-batur,1,59,1.69%,5.1
https://www.sbexcursion.com/bali/zh/journal/kuta-vs-seminyak,1,57,1.75%,6.21
https://www.sbexcursion.com/bali/fr/journal/gili-air-vs-gili-trawangan,1,56,1.79%,19.79
https://www.sbexcursion.com/bali/en/journal/what-to-pack-for-bali,1,56,1.79%,28.45
https://www.sbexcursion.com/bali/zh/journal/nusa-penida-vs-nusa-lembongan,1,55,1.82%,5.51
https://www.sbexcursion.com/bali/ru/journal/is-mount-batur-an-active-volcano,1,54,1.85%,15.52
https://www.sbexcursion.com/bali/es/journal/where-to-see-manta-rays-in-bali,1,53,1.89%,5.75
https://www.sbexcursion.com/bali/zh/journal/bali-tourist-tax-levy-guide,1,52,1.92%,4.12
https://www.sbexcursion.com/bali/zh/journal/bali-grab-taxi-driver-cost,1,52,1.92%,4.79
https://www.sbexcursion.com/bali/fr/journal/best-white-sand-beaches-bali,1,52,1.92%,5.88
https://www.sbexcursion.com/bali/es/journal/mount-batur-sunrise-vs-sunset,1,51,1.96%,6.73
https://www.sbexcursion.com/bali/de/journal/where-to-see-manta-rays-in-bali,1,51,1.96%,7.71
https://www.sbexcursion.com/bali/fr/journal/how-much-does-a-bali-trip-cost,1,49,2.04%,13.63
https://www.sbexcursion.com/bali/ru/journal/nusa-penida-day-trip-from-ubud,1,47,2.13%,6.4
https://www.sbexcursion.com/bali/en/journal/bali-sunset-cruise-worth-it,1,47,2.13%,6.47
https://www.sbexcursion.com/bali/en/journal/bali-layover-day-tour,1,47,2.13%,7.21
https://www.sbexcursion.com/bali/en/journal/west-bali-surf-medewi-balian,1,44,2.27%,6
https://www.sbexcursion.com/bali/fr/journal/where-to-see-manta-rays-in-bali,1,44,2.27%,6.61
https://www.sbexcursion.com/bali/fr/journal/bali-helicopter-scenic-tour/travel-guide,1,43,2.33%,10.56
https://www.sbexcursion.com/bali/de/journal/is-mount-batur-an-active-volcano,1,43,2.33%,24.72
https://www.sbexcursion.com/bali/es/journal/nusa-penida-snorkeling-spots,1,41,2.44%,6.34
https://www.sbexcursion.com/bali/es/journal/mount-batur-sunrise-what-to-expect,1,39,2.56%,5.62
https://www.sbexcursion.com/bali/zh/journal/nusa-penida-tours-compared,1,39,2.56%,6.97
https://www.sbexcursion.com/bali/ru/journal/manta-bay-vs-manta-point,1,38,2.63%,7.5
https://www.sbexcursion.com/bali/es/journal/surf-lessons-bali-beginners,1,38,2.63%,7.74
https://www.sbexcursion.com/bali/ru/journal/nusa-penida-complete-guide,1,38,2.63%,21.71
https://www.sbexcursion.com/bali/fr/journal/sanur-vs-uluwatu,1,37,2.7%,6.14
https://www.sbexcursion.com/bali/ru/journal/gili-islands-fast-boat-guide,1,37,2.7%,9.16
https://www.sbexcursion.com/bali/en/journal/nusa-penida-snorkeling-spots,1,37,2.7%,9.7
https://www.sbexcursion.com/bali/fr/journal/nusa-penida-one-day-itinerary,1,35,2.86%,6.17
https://www.sbexcursion.com/bali/fr/journal/how-to-get-around-bali-transport-guide,1,35,2.86%,13.71
https://www.sbexcursion.com/bali/de/journal/gili-islands-snorkelling-turtles,1,34,2.94%,6.09
https://www.sbexcursion.com/bali/zh/journal/mount-batur-black-lava-fields,1,34,2.94%,7.56
https://www.sbexcursion.com/bali/fr/journal/what-to-eat-in-bali-food-guide,1,34,2.94%,8.32
https://www.sbexcursion.com/bali/es/journal/gili-trawangan-vs-air-vs-meno,1,33,3.03%,6.7
https://www.sbexcursion.com/bali/en/journal/what-to-eat-in-bali-food-guide,1,33,3.03%,14.58
https://www.sbexcursion.com/bali/ru/journal/are-gili-islands-safe,1,32,3.12%,5.28
https://www.sbexcursion.com/bali/es/journal/nusa-dua-vs-seminyak,1,32,3.12%,7
https://www.sbexcursion.com/bali/fr/journal/bali-atv-tours-guide,1,32,3.12%,11.06
https://www.sbexcursion.com/bali/fr/journal/tanah-lot-vs-uluwatu-sunset,1,31,3.23%,5.35
https://www.sbexcursion.com/bali/en/journal/bali-rafting-with-kids-age-limits,1,31,3.23%,6.48
https://www.sbexcursion.com/bali/ru/journal/surf-lessons-bali-beginners,1,31,3.23%,19.45
https://www.sbexcursion.com/bali/es/journal/canggu-vs-seminyak,1,30,3.33%,5
https://www.sbexcursion.com/bali/ru/journal/gili-trawangan-vs-air-vs-meno,1,30,3.33%,12.53
https://www.sbexcursion.com/bali/ru/journal/bali-snorkeling-for-beginners,1,30,3.33%,12.9
https://www.sbexcursion.com/bali/ru/journal/gili-air-vs-gili-trawangan,1,30,3.33%,20
https://www.sbexcursion.com/bali/es/tours/nusa-penida-manta-rays-point,1,30,3.33%,27.23
https://www.sbexcursion.com/bali/es/journal/best-viewpoints-bali-sunrise-cliffs-rice-terraces,1,29,3.45%,6.62
https://www.sbexcursion.com/bali/fr/journal/nusa-penida-day-trip-from-canggu,1,29,3.45%,7.41
https://www.sbexcursion.com/bali/es/journal/is-mount-batur-safe,1,29,3.45%,9.62
https://www.sbexcursion.com/bali/ru/journal/best-time-clear-water-bali,1,29,3.45%,14.83
https://www.sbexcursion.com/bali/ru/journal/bali-airport-to-uluwatu-transfer,1,28,3.57%,5.68
https://www.sbexcursion.com/bali/fr/journal/best-beach-clubs-bali-young-adults,1,28,3.57%,6.71
https://www.sbexcursion.com/bali/es/journal/bali-itinerary-5-days,1,28,3.57%,11.68
https://www.sbexcursion.com/bali/es/journal/things-to-do-uluwatu-bali-guide,1,28,3.57%,16.57
https://www.sbexcursion.com/bali/zh/journal/how-to-get-around-bali,1,27,3.7%,5.15
https://www.sbexcursion.com/bali/en/journal/sanur-to-mount-batur,1,25,4%,6.28
https://www.sbexcursion.com/bali/en/journal/bali-tours-in-rainy-season,1,25,4%,6.64
https://www.sbexcursion.com/bali/en/journal/nusa-penida-tours-compared,1,25,4%,11.88
https://www.sbexcursion.com/bali/ru/journal/nusa-penida-tours-compared,1,25,4%,16.16
https://www.sbexcursion.com/bali/fr/journal/things-to-do-canggu-bali-guide,1,25,4%,25.96
https://www.sbexcursion.com/bali/ru/journal/where-to-stay-bali-first-time,1,24,4.17%,7.17
https://www.sbexcursion.com/bali/de/journal/blue-lagoon-padang-bai-guide,1,24,4.17%,9.54
https://www.sbexcursion.com/bali/fr/journal/amed-tulamben-snorkeling,1,24,4.17%,9.92
https://www.sbexcursion.com/bali/en/journal/lovina-dolphin-season-year-round,1,23,4.35%,4.87
https://www.sbexcursion.com/bali/fr/journal/blue-lagoon-padang-bai-guide,1,23,4.35%,5.43
https://www.sbexcursion.com/bali/zh/journal/crystal-bay-nusa-penida,1,23,4.35%,6.26
https://www.sbexcursion.com/bali/zh/journal/ubud-vs-uluwatu,1,23,4.35%,6.3
https://www.sbexcursion.com/bali/ru/journal/bali-itinerary-7-days-first-time,1,23,4.35%,8.48
https://www.sbexcursion.com/bali/ru/journal/sanur-vs-seminyak,1,23,4.35%,9.04
https://www.sbexcursion.com/bali/en/journal/bali-itinerary-10-days,1,23,4.35%,19.96
https://www.sbexcursion.com/bali/en/tours/sumbawa-whale-shark-snorkeling-trip,1,23,4.35%,30.87
https://www.sbexcursion.com/bali/fr/journal/mount-batur-vs-bromo-rinjani-ijen,1,22,4.55%,3.18
https://www.sbexcursion.com/bali/fr/journal/what-to-pack-for-bali,1,22,4.55%,7.14
https://www.sbexcursion.com/bali/en/journal/bukit-peninsula-surf-spots,1,22,4.55%,8.86
https://www.sbexcursion.com/bali/zh/journal/can-you-swim-in-bali,1,21,4.76%,5.24
https://www.sbexcursion.com/bali/ru/journal/nusa-penida-day-trip-from-canggu,1,21,4.76%,6
https://www.sbexcursion.com/bali/en/journal/how-to-book-mount-batur-tour,1,21,4.76%,6.57
https://www.sbexcursion.com/bali/ru/journal/amed-to-mount-batur,1,21,4.76%,6.57
https://www.sbexcursion.com/bali/de/journal/airport-to-ubud-transfer,1,20,5%,6.7
https://www.sbexcursion.com/bali/es/journal/nusa-penida-manta-rays-point/tour-schedule,1,19,5.26%,4.74
https://www.sbexcursion.com/bali/en/journal/bali-airport-to-seminyak-transfer,1,19,5.26%,8.89
https://www.sbexcursion.com/bali/ru/journal/nusa-penida-vs-nusa-lembongan,1,19,5.26%,10.68
https://www.sbexcursion.com/bali/fr/journal/bali-safety-scams-and-health,1,19,5.26%,11.58
https://www.sbexcursion.com/bali/ru/journal/is-mount-batur-safe,1,18,5.56%,4.67
https://www.sbexcursion.com/bali/zh/journal/how-hard-is-the-mount-batur-hike,1,18,5.56%,5.44
https://www.sbexcursion.com/bali/ru/journal/are-gili-islands-worth-it,1,18,5.56%,16.61
https://www.sbexcursion.com/bali/fr/journal/nusa-penida-day-trip-from-ubud,1,17,5.88%,8.18
https://www.sbexcursion.com/bali/es/journal/nusa-penida-day-trip-from-canggu,1,17,5.88%,8.65
https://www.sbexcursion.com/bali/ru/journal/jimbaran-vs-seminyak,1,16,6.25%,2.44
https://www.sbexcursion.com/bali/zh/journal/seminyak-vs-ubud,1,16,6.25%,7.38
https://www.sbexcursion.com/bali/ru/journal/rice-terrace-season-jatiluwih-tegalalang,1,15,6.67%,4.47
https://www.sbexcursion.com/bali/fr/journal/gili-islands-day-trip-from-bali,1,15,6.67%,5.53
https://www.sbexcursion.com/bali/es/journal/nusa-penida-one-day-itinerary,1,15,6.67%,5.87
https://www.sbexcursion.com/bali/ru/journal/nusa-penida-east-tour/travel-guide,1,15,6.67%,6.6
https://www.sbexcursion.com/bali/fr/journal/gili-islands-from-ubud,1,15,6.67%,7.27
https://www.sbexcursion.com/bali/zh/journal/how-to-get-around-bali-transport-guide,1,15,6.67%,8.67
https://www.sbexcursion.com/bali/fr/journal/mount-batur-sunrise-from-south-bali,1,15,6.67%,10.4
https://www.sbexcursion.com/bali/es/journal/amed-to-mount-batur,1,14,7.14%,5.14
https://www.sbexcursion.com/bali/en/journal/mount-batur-sunrise-jeep-hot-spring/tour-schedule,1,14,7.14%,5.64
https://www.sbexcursion.com/bali/ru/journal/bali-airport-to-sanur-transfer,1,14,7.14%,5.64
https://www.sbexcursion.com/bali/es/journal/nusa-penida-east-tour/tour-schedule,1,14,7.14%,6.14
https://www.sbexcursion.com/bali/zh/journal/mount-batur-sunrise-vs-sunset,1,14,7.14%,7.29
https://www.sbexcursion.com/bali/es/journal/nusa-penida-day-trip-from-seminyak,1,13,7.69%,5
https://www.sbexcursion.com/bali/de/journal/are-gili-islands-safe,1,13,7.69%,11.92
https://www.sbexcursion.com/bali/es/journal/gili-meno-guide,1,13,7.69%,14.38
https://www.sbexcursion.com/bali/es/journal/what-to-wear-mount-batur-sunrise,1,12,8.33%,3.67
https://www.sbexcursion.com/bali/es/journal/manta-bay-vs-manta-point,1,12,8.33%,5.67
https://www.sbexcursion.com/bali/es/journal/mount-batur-in-rainy-season,1,12,8.33%,6.42
https://www.sbexcursion.com/bali/de/journal/calm-beaches-bali-kids,1,12,8.33%,7.33
https://www.sbexcursion.com/bali/ru/journal/bali-tour-prices-2026-real-costs,1,12,8.33%,7.67
https://www.sbexcursion.com/bali/ru/journal/mount-batur-sunrise-jeep-vs-hike,1,12,8.33%,18.92
https://www.sbexcursion.com/bali/fr/journal/uluwatu-to-mount-batur,1,11,9.09%,4.45
https://www.sbexcursion.com/bali/fr/journal/blue-lagoon-snorkeling/travel-guide,1,11,9.09%,6.82
https://www.sbexcursion.com/bali/zh/journal/canggu-vs-seminyak,1,11,9.09%,7
https://www.sbexcursion.com/bali/ru/journal/best-places-to-visit-bali-first-time,1,11,9.09%,9.73
https://www.sbexcursion.com/ai-planner,1,10,10%,2.9
https://www.sbexcursion.com/bali/ru/journal/bali-7-day-itinerary,1,10,10%,5.1
https://www.sbexcursion.com/bali/es/journal/nusa-penida-tours-compared,1,10,10%,5.8
https://www.sbexcursion.com/bali/es/journal/sanur-vs-seminyak,1,10,10%,6.1
https://www.sbexcursion.com/bali/zh/journal/nusa-dua-vs-seminyak,1,10,10%,6.4
https://www.sbexcursion.com/bali/zh/journal/best-snorkeling-spots-bali,1,9,11.11%,4.78
https://www.sbexcursion.com/bali/ru/journal/uluwatu-to-mount-batur,1,9,11.11%,5.44
https://www.sbexcursion.com/bali/es/journal/bali-layover-day-tour,1,9,11.11%,5.78
https://www.sbexcursion.com/bali/ru/journal/is-surfing-in-bali-safe,1,9,11.11%,5.78
https://www.sbexcursion.com/bali/zh/journal/bali-airport-to-seminyak-transfer,1,9,11.11%,6.44
https://www.sbexcursion.com/bali/fr/journal/ulun-danu-beratan-temple-guide,1,9,11.11%,13.56
https://www.sbexcursion.com/bali/fr/journal/bali-surf-spots-intermediate,1,9,11.11%,45.44
https://www.sbexcursion.com/bali/de/journal/can-you-hike-mount-batur-without-a-guide,1,8,12.5%,3.88
https://www.sbexcursion.com/bali/de/journal/canggu-vs-seminyak,1,8,12.5%,5.5
https://www.sbexcursion.com/bali/fr/journal/tirta-empul-guide,1,8,12.5%,8.25
https://www.sbexcursion.com/bali/zh/journal/tanah-lot-vs-uluwatu-sunset,1,7,14.29%,4.29
https://www.sbexcursion.com/bali/es/journal/is-surfing-in-bali-safe,1,7,14.29%,5.29
https://www.sbexcursion.com/bali/zh/journal/kintamani-viewpoint-and-lake-batur,1,7,14.29%,5.71
https://www.sbexcursion.com/bali/zh/journal/how-many-days-in-nusa-penida,1,7,14.29%,7
https://www.sbexcursion.com/bali/ru/about,1,7,14.29%,9.43
https://www.sbexcursion.com/bali/ru/journal/bali-tours-for-seniors,1,6,16.67%,3.17
https://www.sbexcursion.com/bali/fr/journal/best-snorkeling-spots-bali,1,6,16.67%,5.17
https://www.sbexcursion.com/bali/es/journal/blue-lagoon-snorkeling/tour-schedule,1,6,16.67%,6.83
https://www.sbexcursion.com/bali/zh/journal/canggu-surf-spots,1,6,16.67%,8.17
https://www.sbexcursion.com/bali/zh/journal/best-temples-bali-cultural-sites,1,6,16.67%,13.17
https://www.sbexcursion.com/bali/ru/tours/nusa-penida-east-tour,1,6,16.67%,14.83
https://www.sbexcursion.com/bali/fr/journal/gili-trawangan-guide,1,6,16.67%,20.67
https://www.sbexcursion.com/bali/zh/journal/things-to-do-ubud-bali-complete-guide,1,6,16.67%,30.5
https://www.sbexcursion.com/bali/en/journal/is-surfing-in-bali-safe,1,5,20%,2.2
https://www.sbexcursion.com/work-with-us,1,5,20%,3.8
https://www.sbexcursion.com/bali/es/journal/nusa-penida-full-day-tour/tour-schedule,1,5,20%,4.4
https://www.sbexcursion.com/bali/zh/journal/mount-batur-hot-springs-guide,1,5,20%,4.8
https://www.sbexcursion.com/bali/zh/journal/bali-surf-conditions-tides-swell-wind,1,5,20%,7
https://www.sbexcursion.com/bali/zh/journal/tanah-lot-bedugul-tour/travel-guide,1,5,20%,8.8
https://www.sbexcursion.com/bali/es/journal/private-car-with-driver-bali/tour-schedule,1,4,25%,2.5
https://www.sbexcursion.com/bali/zh/journal/gili-air-guide,1,4,25%,2.75
https://www.sbexcursion.com/bali/fr/journal/manta-point-depth-and-diving,1,4,25%,4.75
https://www.sbexcursion.com/bali/es/journal/atv-ride-adventure/travel-guide,1,4,25%,5.75
https://www.sbexcursion.com/bali/zh/journal/amed-tulamben-snorkeling,1,4,25%,6.25
https://www.sbexcursion.com/bali/fr/journal/first-time-in-bali-complete-guide,1,4,25%,7.75
https://www.sbexcursion.com/bali/es/journal/nusa-penida-manta-rays-point/travel-guide,1,4,25%,14.75
https://www.sbexcursion.com/bali/de/journal/nusa-penida-tours-compared,1,3,33.33%,3
https://www.sbexcursion.com/bali/fr/tours/mount-batur-sunrise-jeep-hot-spring,1,3,33.33%,5
https://www.sbexcursion.com/bali/fr/journal/nusa-penida-full-day-tour/travel-guide,1,3,33.33%,6
https://www.sbexcursion.com/bali/ru/journal/mount-batur-in-rainy-season,1,3,33.33%,10.67
https://www.sbexcursion.com/bali/fr/tours/sunset-cruise-bali,1,3,33.33%,13
https://www.sbexcursion.com/bali/en/tours/tanah-lot-bedugul-tour,1,3,33.33%,28
https://www.sbexcursion.com/bali/es/journal/mount-batur-sunrise-jeep-tour/why-book,1,2,50%,4
https://www.sbexcursion.com/bali/zh/journal/mount-batur-with-kids,1,1,100%,2
https://www.sbexcursion.com/bali/fr/journal/north-bali-lovina-dolphins-tour/tour-schedule,1,1,100%,6
https://www.sbexcursion.com/bali/fr/journal/private-car-with-driver-bali/tour-schedule,1,1,100%,30
https://www.sbexcursion.com/bali/en/journal/blue-lagoon-padang-bai-guide,0,1825,0%,7.44
https://www.sbexcursion.com/dubai/en/blog/best-dubai-marina-yacht-party-guide-21-plus,0,645,0%,68.82
https://www.sbexcursion.com/bali/en/journal/are-gili-islands-worth-it,0,476,0%,43.6
https://www.sbexcursion.com/bali/en/journal/grab-gojek-or-private-driver-bali,0,420,0%,8.73
https://www.sbexcursion.com/bali/en/journal/things-to-do-seminyak-bali-guide,0,412,0%,36.89
https://www.sbexcursion.com/bali/en/journal/canggu-vs-seminyak,0,358,0%,10.12
https://www.sbexcursion.com/bali/en/journal/jimbaran-vs-seminyak,0,286,0%,9.01
https://www.sbexcursion.com/bali/en/journal/how-to-get-to-nusa-penida,0,280,0%,56.52
https://www.sbexcursion.com/bali/en/journal/where-is-mount-batur,0,263,0%,7.64
https://www.sbexcursion.com/bali/en/journal/bali-entrance-fees-2026,0,226,0%,7.29
https://www.sbexcursion.com/bali/en/journal/bali-airport-to-canggu-transfer,0,218,0%,8.47
https://www.sbexcursion.com/bali/en/journal/diamond-beach-nusa-penida-guide,0,213,0%,11.75
https://www.sbexcursion.com/bali/en/journal/how-much-does-a-bali-trip-cost,0,191,0%,17.5
https://www.sbexcursion.com/bali/en/journal/nyepi-what-actually-closes,0,189,0%,6.92
https://www.sbexcursion.com/dubai/en/blog/abu-dhabi-how-to-get-to-sheikh-zayed,0,182,0%,16.46
https://www.sbexcursion.com/bali/en/journal/things-to-do-canggu-bali-guide,0,178,0%,49.03
https://www.sbexcursion.com/bali/en/journal/amed-tulamben-snorkeling,0,167,0%,7.75
https://www.sbexcursion.com/bali/en/journal/how-to-get-around-bali-transport-guide,0,164,0%,9.14
https://www.sbexcursion.com/bali/en/journal/bali-airport-transfer-guide,0,163,0%,20.63
https://www.sbexcursion.com/bali/en/journal/mount-batur-sunrise-from-ubud,0,158,0%,10.55
https://www.sbexcursion.com/bali/en/journal/gili-islands-from-canggu,0,156,0%,8.06
https://www.sbexcursion.com/bali/en/journal/nusa-penida-day-trip-from-seminyak,0,154,0%,7.05
https://www.sbexcursion.com/bali/en/journal/airport-to-ubud-transfer,0,154,0%,8.9
https://www.sbexcursion.com/bali/ru/journal/bali-canggu-beaches-guide,0,150,0%,8.43
https://www.sbexcursion.com/bali/de/journal/best-time-to-visit-bali-month-by-month,0,143,0%,41.09
https://www.sbexcursion.com/bali/ru/journal/mount-batur-vs-mount-agung,0,142,0%,9.11
https://www.sbexcursion.com/bali/en/journal/what-time-to-leave-for-mount-batur-sunrise,0,138,0%,7.96
https://www.sbexcursion.com/bali/en/journal/bali-atv-tours-guide,0,132,0%,29.7
https://www.sbexcursion.com/bali/en/journal/crystal-bay-nusa-penida,0,131,0%,8.72
https://www.sbexcursion.com/bali/fr/journal/snorkeling-with-turtles-bali,0,131,0%,11.2
https://www.sbexcursion.com/bali/fr/journal/things-to-do-seminyak-bali-guide,0,127,0%,10.44
https://www.sbexcursion.com/bali/en/journal/best-temples-bali-cultural-sites,0,123,0%,12.85
https://www.sbexcursion.com/bali/es/journal/sanur-to-nusa-penida-fast-boat,0,122,0%,7.93
https://www.sbexcursion.com/bali/fr/journal/is-nusa-penida-worth-it,0,118,0%,37.15
https://www.sbexcursion.com/bali/es/journal/diamond-beach-nusa-penida-guide,0,112,0%,7.23
https://www.sbexcursion.com/bali/en/journal/canggu-vs-ubud,0,112,0%,7.76
https://www.sbexcursion.com/bali/en/journal/ubud-in-one-day,0,112,0%,20.39
https://www.sbexcursion.com/dubai/en/blog/best-shared-yacht-tours-dubai-marina-2026,0,111,0%,62.37
https://www.sbexcursion.com/bali/en/journal/gili-islands-fast-boat-guide,0,109,0%,13.22
https://www.sbexcursion.com/bali/en/journal/tanah-lot-temple-guide,0,103,0%,14.61
https://www.sbexcursion.com/bali/es/journal/best-time-to-visit-bali-month-by-month,0,102,0%,10.76
https://www.sbexcursion.com/bali/de/journal/swimming-with-whale-sharks-indonesia,0,102,0%,11.17
https://www.sbexcursion.com/bali/es/journal/tirta-empul-guide,0,100,0%,8.09
https://www.sbexcursion.com/bali/en/journal/atv-quad-bikes/tour-schedule,0,99,0%,7.04
https://www.sbexcursion.com/bali/en/journal/mount-batur-sunrise-from-south-bali,0,97,0%,11.75
https://www.sbexcursion.com/bali/en/journal/lovina-dolphin-tour-worth-it,0,95,0%,8.29
https://www.sbexcursion.com/bali/en/journal/bali-visa-entry-requirements,0,95,0%,48.35
https://www.sbexcursion.com/bali/es/journal/nusa-penida-day-trip-from-ubud,0,94,0%,7.72
https://www.sbexcursion.com/bali/ru/journal/best-beaches-nusa-penida,0,93,0%,8.73
https://www.sbexcursion.com/bali/en/journal/mount-batur-sunrise-what-to-expect,0,93,0%,10.19
https://www.sbexcursion.com/bali/en/journal/how-many-days-in-nusa-penida,0,92,0%,9.8
https://www.sbexcursion.com/bali/en/journal/mount-batur-in-rainy-season,0,88,0%,6.61
https://www.sbexcursion.com/bali/ru/journal/things-to-do-seminyak-bali-guide,0,87,0%,17.72
https://www.sbexcursion.com/bali/ru/journal/what-time-to-leave-for-mount-batur-sunrise,0,83,0%,7.2
https://www.sbexcursion.com/bali/es/journal/bali-visa-entry-requirements,0,82,0%,11.82
https://www.sbexcursion.com/bali/de/journal/best-sunset-spots-bali,0,80,0%,6.78
https://www.sbexcursion.com/bali/fr/journal/best-sunset-spots-bali,0,80,0%,7.91
https://www.sbexcursion.com/bali/fr/journal/ubud-to-mount-batur,0,79,0%,6.11
https://www.sbexcursion.com/bali/en/journal/bedugul-highlands-guide,0,79,0%,9.1
https://www.sbexcursion.com/bali/zh/journal/is-mount-batur-an-active-volcano,0,78,0%,16.21
https://www.sbexcursion.com/bali/es/journal/bali-canggu-beaches-guide,0,77,0%,7.42
https://www.sbexcursion.com/bali/fr/journal/bali-tourist-tax-levy-guide,0,77,0%,7.97
https://www.sbexcursion.com/bali/en/journal/best-beaches-nusa-penida,0,76,0%,12.51
https://www.sbexcursion.com/bali/es/journal/what-to-eat-in-bali-food-guide,0,76,0%,13.2
https://www.sbexcursion.com/bali/ru/journal/how-to-get-to-gili-trawangan-from-bali,0,76,0%,13.8
https://www.sbexcursion.com/bali/es/journal/how-to-get-to-nusa-penida,0,74,0%,10.82
https://www.sbexcursion.com/bali/es/journal/bali-airport-transfer-guide,0,71,0%,7
https://www.sbexcursion.com/bali/es/journal/best-things-to-do-bali-for-couples,0,71,0%,7.08
https://www.sbexcursion.com/bali/en/journal/ulun-danu-beratan-temple-guide,0,70,0%,9.73
https://www.sbexcursion.com/bali/ru/journal/handara-gate-bali-guide,0,68,0%,7.62
https://www.sbexcursion.com/bali/ru/journal/tanah-lot-vs-uluwatu-sunset,0,68,0%,7.78
https://www.sbexcursion.com/bali/en/journal/kintamani-viewpoint-and-lake-batur,0,68,0%,7.85
https://www.sbexcursion.com/bali/de/main-page,0,67,0%,19.27
https://www.sbexcursion.com/bali/ru/journal/seminyak-vs-uluwatu,0,66,0%,12.05
https://www.sbexcursion.com/bali/es/journal/best-beach-clubs-bali-young-adults,0,65,0%,7.85
https://www.sbexcursion.com/bali/ru/journal/nusa-penida-day-trip-from-uluwatu,0,64,0%,6.34
https://www.sbexcursion.com/bali/en/journal/mount-batur-with-kids,0,64,0%,7.22
https://www.sbexcursion.com/bali/en/journal/bali-tour-prices-guide,0,64,0%,7.72
https://www.sbexcursion.com/bali/ru/journal/sanur-vs-uluwatu,0,64,0%,11.75
https://www.sbexcursion.com/bali/fr/journal/surf-lessons-bali-beginners,0,64,0%,56.36
https://www.sbexcursion.com/bali/de/journal/best-beaches-nusa-penida,0,63,0%,18.4
https://www.sbexcursion.com/bali/en/journal/sidemen-to-mount-batur,0,62,0%,6.37
https://www.sbexcursion.com/bali/en/journal/best-time-clear-water-bali,0,62,0%,6.65
https://www.sbexcursion.com/bali/en/journal/bali-airport-transfer-cost,0,61,0%,7.33
https://www.sbexcursion.com/bali/en/journal/gili-air-vs-gili-trawangan,0,60,0%,14.37
https://www.sbexcursion.com/bali/fr/journal/best-beaches-nusa-penida,0,59,0%,11.59
https://www.sbexcursion.com/bali/es/journal/gili-islands-day-trip-from-bali,0,59,0%,18.49
https://www.sbexcursion.com/bali/en/journal/bali-airport-to-sanur-transfer,0,58,0%,8.05
https://www.sbexcursion.com/bali/en/journal/best-time-to-visit-bali-month-by-month,0,58,0%,28.74
https://www.sbexcursion.com/bali/es/journal/nusa-penida-vs-nusa-lembongan,0,55,0%,8.25
https://www.sbexcursion.com/bali/ru/journal/best-beach-clubs-bali-young-adults,0,55,0%,9.98
https://www.sbexcursion.com/bali/en/journal/first-time-in-bali-complete-guide,0,55,0%,25.76
https://www.sbexcursion.com/bali/en/journal/best-places-to-visit-bali-first-time,0,55,0%,38.69
https://www.sbexcursion.com/bali/es/journal/how-many-days-in-nusa-penida,0,54,0%,5.89
https://www.sbexcursion.com/bali/es/journal/snorkeling-with-turtles-bali,0,54,0%,6.94
https://www.sbexcursion.com/bali/en/journal/manta-point-bali-guide,0,54,0%,14.8
https://www.sbexcursion.com/bali/fr/journal/seminyak-to-mount-batur,0,53,0%,14.47
https://www.sbexcursion.com/bali/fr/journal/ubud-vs-uluwatu,0,52,0%,6.77
https://www.sbexcursion.com/bali/en/journal/gili-islands-with-kids,0,52,0%,7.33
https://www.sbexcursion.com/bali/en/journal/best-surf-spots-in-bali,0,52,0%,37.48
https://www.sbexcursion.com/bali/ru/journal/diamond-beach-nusa-penida-guide,0,50,0%,5.88
https://www.sbexcursion.com/bali/fr/journal/how-to-get-to-gili-trawangan-from-bali,0,50,0%,15.1
https://www.sbexcursion.com/bali/en/journal/best-waterfalls-bali-day-trips,0,50,0%,36.44
https://www.sbexcursion.com/bali/es/journal/mount-batur-hot-springs-guide,0,49,0%,7.59
https://www.sbexcursion.com/bali/en/journal/mount-batur-sunrise-hike/tour-schedule,0,49,0%,9.41
https://www.sbexcursion.com/bali/en/journal/bali-airport-to-uluwatu-transfer,0,49,0%,10.96
https://www.sbexcursion.com/bali/de/journal/how-hard-is-the-mount-batur-hike,0,48,0%,8.42
https://www.sbexcursion.com/bali/es/journal/bali-grab-taxi-driver-cost,0,47,0%,6.38
https://www.sbexcursion.com/bali/ru/journal/bali-with-kids-family-guide,0,47,0%,15.57
https://www.sbexcursion.com/bali/ru/journal/best-time-to-visit-bali-month-by-month,0,47,0%,36.43
https://www.sbexcursion.com/bali/en/journal/bali-itinerary-7-days-first-time,0,47,0%,47.6
https://www.sbexcursion.com/bali/en/journal/bali-rafting-price-2026,0,46,0%,6.91
https://www.sbexcursion.com/bali/ru/journal/snorkeling-with-turtles-bali,0,46,0%,7
https://www.sbexcursion.com/bali/fr/journal/atv-quad-bikes/travel-guide,0,46,0%,8.57
https://www.sbexcursion.com/bali/es/journal/best-waterfalls-bali-day-trips,0,46,0%,8.87
https://www.sbexcursion.com/bali/ru/journal/bali-visa-entry-requirements,0,46,0%,41.24
https://www.sbexcursion.com/bali/ru/journal/sanur-to-nusa-penida-fast-boat,0,45,0%,6.56
https://www.sbexcursion.com/bali/fr/journal/diamond-beach-nusa-penida-guide,0,45,0%,6.62
https://www.sbexcursion.com/bali/fr/journal/mount-batur-sunrise-vs-sunset,0,45,0%,6.8
https://www.sbexcursion.com/bali/en/journal/bali-surf-season-month-by-month,0,45,0%,21.98
https://www.sbexcursion.com/bali/en/journal/bali-with-kids-family-guide,0,45,0%,24.58
https://www.sbexcursion.com/bali/fr/journal/broken-beach-angels-billabong,0,44,0%,8.41
https://www.sbexcursion.com/bali/fr/journal/mount-batur-sunrise-what-to-expect,0,43,0%,6.79
https://www.sbexcursion.com/bali/fr/journal/best-viewpoints-bali-sunrise-cliffs-rice-terraces,0,43,0%,8.05
https://www.sbexcursion.com/bali/es/journal/gili-trawangan-guide,0,43,0%,10
https://www.sbexcursion.com/bali/es/journal/nusa-dua-to-mount-batur,0,43,0%,22.02
https://www.sbexcursion.com/bali/es/journal/gili-islands-from-ubud,0,42,0%,8.1
https://www.sbexcursion.com/bali/ru/journal/bali-grab-taxi-driver-cost,0,42,0%,9.86
https://www.sbexcursion.com/bali/fr/journal/bali-canggu-beaches-guide,0,42,0%,9.93
https://www.sbexcursion.com/bali/es/journal/how-to-get-to-gili-trawangan-from-bali,0,42,0%,10.17
https://www.sbexcursion.com/bali/zh/journal/things-to-do-canggu-bali-guide,0,42,0%,10.31
https://www.sbexcursion.com/bali/es/journal/white-water-rafting-bali-guide,0,41,0%,7.71
https://www.sbexcursion.com/bali/es/journal/where-is-mount-batur,0,41,0%,10.73
https://www.sbexcursion.com/bali/de/journal/bali-surf-spots-for-beginners,0,41,0%,13.71
https://www.sbexcursion.com/bali/fr/journal/nusa-penida-vs-nusa-lembongan,0,41,0%,35.05
https://www.sbexcursion.com/bali/zh/journal/bali-tour-prices-guide,0,40,0%,6.85
https://www.sbexcursion.com/bali/fr/journal/mount-batur-atv-quad-or-jeep,0,40,0%,7.1
https://www.sbexcursion.com/bali/en/journal/is-mount-batur-worth-it,0,40,0%,7.45
https://www.sbexcursion.com/bali/en/journal/sumbawa-whale-shark-snorkeling-trip/travel-guide,0,40,0%,15.45
https://www.sbexcursion.com/bali/en/journal/white-water-rafting/tour-schedule,0,39,0%,7.69
https://www.sbexcursion.com/bali/en/journal/nusa-penida-one-day-itinerary,0,39,0%,11.87
https://www.sbexcursion.com/bali/ru/journal/bali-surf-season-month-by-month,0,39,0%,17.85
https://www.sbexcursion.com/bali/en/journal/bali-tour-prices-2026-real-costs,0,38,0%,7.16
https://www.sbexcursion.com/bali/es/journal/things-to-do-seminyak-bali-guide,0,38,0%,10.32
https://www.sbexcursion.com/bali/es/journal/ubud-to-mount-batur,0,37,0%,6.49
https://www.sbexcursion.com/bali/zh/journal/best-beaches-bali-crystal-clear-water,0,37,0%,8.81
https://www.sbexcursion.com/bali/ru/journal/how-to-get-around-bali-transport-guide,0,37,0%,14.76
https://www.sbexcursion.com/bali/fr/journal/mount-batur-sunrise-hike/tour-schedule,0,37,0%,64.73
https://www.sbexcursion.com/bali/es/journal/nusa-penida-complete-guide,0,36,0%,10.83
https://www.sbexcursion.com/bali/fr/journal/bali-airport-transfer-guide,0,35,0%,6.31
https://www.sbexcursion.com/bali/en/journal/nusa-penida-manta-rays-point/tour-schedule,0,35,0%,8.71
https://www.sbexcursion.com/bali/es/journal/how-to-get-around-bali,0,35,0%,8.71
https://www.sbexcursion.com/bali/ru/journal/how-to-get-around-bali,0,35,0%,9.09
https://www.sbexcursion.com/bali/fr/journal/how-to-get-to-nusa-penida,0,35,0%,9.49
https://www.sbexcursion.com/bali/fr/journal/nusa-dua-to-mount-batur,0,35,0%,12
https://www.sbexcursion.com/bali/es/journal/seminyak-vs-ubud,0,34,0%,6.79
https://www.sbexcursion.com/bali/de/journal/diamond-beach-nusa-penida-guide,0,34,0%,7.68
https://www.sbexcursion.com/bali/en/journal/mount-batur-sunrise-vs-sunset,0,34,0%,9.26
https://www.sbexcursion.com/bali/ru/journal/gili-islands-day-trip-from-bali,0,34,0%,14.53
https://www.sbexcursion.com/bali/fr/journal/jatiluwih-vs-tegalalang,0,33,0%,6.42
https://www.sbexcursion.com/bali/es/journal/nusa-penida-day-trip-from-sanur,0,33,0%,7.06
https://www.sbexcursion.com/bali/es/journal/mount-batur-atv-quad-or-jeep,0,33,0%,8.67
https://www.sbexcursion.com/bali/en/journal/bali-to-lombok-transport,0,33,0%,24.42
https://www.sbexcursion.com/bali/en/tours/bali-helicopter-scenic-tour,0,33,0%,31.48
https://www.sbexcursion.com/bali/en/journal/how-to-get-to-gili-trawangan-from-bali,0,33,0%,46.06
https://www.sbexcursion.com/bali/de/journal/bali-atv-tours-guide,0,32,0%,5.59
https://www.sbexcursion.com/bali/de/journal/bali-tourist-tax-levy-guide,0,32,0%,6.78
https://www.sbexcursion.com/bali/zh/journal/sanur-to-nusa-penida-fast-boat,0,32,0%,7.19
https://www.sbexcursion.com/bali/ru/journal/nusa-penida-snorkeling-non-swimmers,0,32,0%,9.03
https://www.sbexcursion.com/bali/en/journal/nusa-penida-west-tour/travel-guide,0,32,0%,17.38
https://www.sbexcursion.com/bali/ru/journal/bali-tour-prices-guide,0,32,0%,55.84
https://www.sbexcursion.com/bali/fr/journal/canggu-vs-uluwatu,0,31,0%,5
https://www.sbexcursion.com/bali/es/journal/how-to-get-around-bali-transport-guide,0,31,0%,6.77
https://www.sbexcursion.com/bali/es/journal/bedugul-highlands-guide,0,31,0%,7.65
https://www.sbexcursion.com/bali/es/journal/nyepi-what-actually-closes,0,31,0%,8.35
https://www.sbexcursion.com/bali/fr/journal/manta-point-bali-guide,0,31,0%,9.19
https://www.sbexcursion.com/bali/en/journal/uluwatu-surf-guide,0,31,0%,32.19
https://www.sbexcursion.com/bali/fr/journal/things-to-do-ubud-bali-complete-guide,0,31,0%,47.26
https://www.sbexcursion.com/bali/fr/journal/amed-to-mount-batur,0,30,0%,3.93
https://www.sbexcursion.com/bali/en/journal/bali-waterfalls-by-season,0,30,0%,4.77
https://www.sbexcursion.com/bali/es/journal/mount-batur-sunrise-jeep-tour/travel-guide,0,30,0%,7.83
https://www.sbexcursion.com/bali/fr/journal/crystal-bay-nusa-penida,0,30,0%,8.5
https://www.sbexcursion.com/bali/en/journal/manta-point-depth-and-diving,0,29,0%,4.21
https://www.sbexcursion.com/bali/ru/journal/mount-batur-black-lava-fields,0,29,0%,5
https://www.sbexcursion.com/bali/fr/journal/sanur-vs-seminyak,0,29,0%,5.83
https://www.sbexcursion.com/bali/es/journal/best-instagram-places-bali,0,29,0%,6.38
https://www.sbexcursion.com/bali/ru/journal/nusa-penida-snorkeling-spots,0,29,0%,7.28
https://www.sbexcursion.com/bali/ru/journal/mount-batur-hot-springs-guide,0,29,0%,7.55
https://www.sbexcursion.com/bali/ru/journal/broken-beach-angels-billabong,0,29,0%,10.66
https://www.sbexcursion.com/bali/de/journal/canggu-vs-uluwatu,0,29,0%,12
https://www.sbexcursion.com/bali/zh/journal/galungan-kuningan-dates-what-changes,0,28,0%,5.11
https://www.sbexcursion.com/bali/zh/journal/mount-batur-sunrise-what-to-expect,0,28,0%,6
https://www.sbexcursion.com/bali/fr/journal/mount-batur-sunrise-from-ubud,0,28,0%,6.61
https://www.sbexcursion.com/bali/fr/journal/snorkeling-near-seminyak-and-canggu,0,28,0%,7.57
https://www.sbexcursion.com/bali/fr/journal/bali-snorkeling-cost,0,28,0%,8.86
https://www.sbexcursion.com/bali/ru/journal/best-waterfalls-bali-day-trips,0,28,0%,15.46
https://www.sbexcursion.com/bali/fr/journal/nusa-penida-complete-guide,0,28,0%,30.75
https://www.sbexcursion.com/bali/es/journal/bali-itinerary-10-days,0,28,0%,69.57
https://www.sbexcursion.com/bali/es/journal/manta-ray-season-bali,0,27,0%,5.19
https://www.sbexcursion.com/bali/en/journal/what-to-wear-rafting-bali,0,27,0%,5.26
https://www.sbexcursion.com/bali/en/journal/rafting-from-seminyak-canggu-nusa-dua,0,27,0%,6
https://www.sbexcursion.com/bali/ru/journal/kintamani-viewpoint-and-lake-batur,0,27,0%,6.22
https://www.sbexcursion.com/bali/es/journal/blue-lagoon-padang-bai-guide,0,27,0%,6.44
https://www.sbexcursion.com/bali/ru/journal/amed-tulamben-snorkeling,0,27,0%,7.7
https://www.sbexcursion.com/bali/de/journal/best-beaches-canggu-seminyak,0,27,0%,8
https://www.sbexcursion.com/bali/es/journal/menjangan-island-bali,0,27,0%,11.07
https://www.sbexcursion.com/bali/de/journal/surf-lessons-bali-beginners,0,27,0%,22.37
https://www.sbexcursion.com/bali/es/journal/crystal-bay-nusa-penida,0,26,0%,6.23
https://www.sbexcursion.com/bali/de/journal/how-to-get-to-nusa-penida,0,26,0%,9.69
https://www.sbexcursion.com/bali/en/tours/nusa-penida-manta-rays-point,0,26,0%,36.27
https://www.sbexcursion.com/bali/fr/journal/canggu-vs-kuta,0,25,0%,5.56
https://www.sbexcursion.com/bali/fr/journal/things-to-do-uluwatu-bali-guide,0,25,0%,5.64
https://www.sbexcursion.com/bali/es/journal/bali-airport-to-sanur-transfer,0,25,0%,5.84
https://www.sbexcursion.com/bali/es/journal/bali-snorkeling-cost,0,25,0%,6.52
https://www.sbexcursion.com/bali/es/journal/mount-batur-sunrise-from-ubud,0,25,0%,6.76
https://www.sbexcursion.com/bali/en/journal/bali-airport-to-the-islands,0,25,0%,8.52
https://www.sbexcursion.com/bali/ru/journal/crystal-bay-nusa-penida,0,25,0%,8.52
https://www.sbexcursion.com/bali/es/journal/canggu-vs-ubud,0,25,0%,8.8
https://www.sbexcursion.com/bali/es/journal/handara-gate-bali-guide,0,25,0%,9.2
https://www.sbexcursion.com/bali/en/journal/tukad-cepung-waterfall-guide,0,25,0%,14.56
https://www.sbexcursion.com/bali/fr/journal/bali-7-day-itinerary,0,25,0%,32.52
https://www.sbexcursion.com/bali/en/tours/private-car-with-driver-bali,0,24,0%,5.25
https://www.sbexcursion.com/bali/es/journal/what-time-to-leave-for-mount-batur-sunrise,0,24,0%,6.21
https://www.sbexcursion.com/bali/es/journal/nusa-penida-west-tour/travel-guide,0,24,0%,6.58
https://www.sbexcursion.com/bali/zh/journal/best-budget-restaurants-bali-warungs,0,24,0%,7.33
https://www.sbexcursion.com/bali/fr/journal/gili-trawangan-vs-air-vs-meno,0,24,0%,11.58
https://www.sbexcursion.com/bali/fr/journal/bali-itinerary-5-days,0,24,0%,12.75
https://www.sbexcursion.com/bali/ru/journal/gili-islands-vs-nusa-penida,0,24,0%,13.29
https://www.sbexcursion.com/bali/zh/journal/white-water-rafting-bali-guide,0,24,0%,15.42
https://www.sbexcursion.com/bali/ru/journal/swimming-with-whale-sharks-indonesia,0,24,0%,17.92
https://www.sbexcursion.com/bali/de/journal/surf-lesson-experience/travel-guide,0,24,0%,32.54
https://www.sbexcursion.com/bali/es/journal/nusa-penida-west-tour/tour-schedule,0,23,0%,5.7
https://www.sbexcursion.com/bali/es/journal/sanur-vs-uluwatu,0,23,0%,5.78
https://www.sbexcursion.com/bali/en/journal/nusa-penida-tour-cost,0,23,0%,8
https://www.sbexcursion.com/bali/ru/journal/bali-private-driver-cost,0,23,0%,8
https://www.sbexcursion.com/bali/de/journal/snorkeling-with-turtles-bali,0,23,0%,8.26
https://www.sbexcursion.com/bali/fr/journal/swimming-with-whale-sharks-indonesia,0,23,0%,8.52
https://www.sbexcursion.com/bali/en/journal/gili-islands-snorkelling-turtles,0,23,0%,10.26
https://www.sbexcursion.com/bali/zh/journal/bali-visa-entry-requirements,0,23,0%,12.96
https://www.sbexcursion.com/bali/ru/journal/where-is-mount-batur,0,23,0%,14.17
https://www.sbexcursion.com/bali/es/journal/bali-to-lombok-transport,0,23,0%,26.57
https://www.sbexcursion.com/bali/fr/journal/best-things-to-do-bali-for-couples,0,23,0%,41.61
https://www.sbexcursion.com/bali/en/journal/handara-gate-vs-lempuyang-gates-of-heaven,0,22,0%,4.55
https://www.sbexcursion.com/bali/ru/journal/galungan-kuningan-dates-what-changes,0,22,0%,4.73
https://www.sbexcursion.com/bali/zh/journal/seminyak-vs-uluwatu,0,22,0%,6
https://www.sbexcursion.com/bali/es/journal/are-gili-islands-worth-it,0,22,0%,6.73
https://www.sbexcursion.com/bali/es/journal/manta-point-depth-and-diving,0,22,0%,6.77
https://www.sbexcursion.com/bali/es/journal/atv-quad-bikes/travel-guide,0,22,0%,8.32
https://www.sbexcursion.com/bali/ru/journal/best-temples-bali-cultural-sites,0,22,0%,9.18
https://www.sbexcursion.com/bali/en/journal/things-to-do-uluwatu-bali-guide,0,22,0%,18.36
https://www.sbexcursion.com/bali/en/tours/nusa-penida-east-tour,0,22,0%,32.05
https://www.sbexcursion.com/bali/fr/journal/canggu-to-mount-batur,0,21,0%,4.48
https://www.sbexcursion.com/bali/fr/journal/nusa-penida-day-trip-from-sanur,0,21,0%,6.05
https://www.sbexcursion.com/bali/ru/journal/blue-lagoon-padang-bai-guide,0,21,0%,7.19
https://www.sbexcursion.com/bali/es/journal/nusa-penida-full-day-tour/travel-guide,0,21,0%,7.24
https://www.sbexcursion.com/bali/ru/journal/manta-point-depth-and-diving,0,21,0%,8
https://www.sbexcursion.com/bali/es/journal/sumbawa-whale-shark-snorkeling-trip/travel-guide,0,21,0%,8.67
https://www.sbexcursion.com/bali/en/journal/gili-trawangan-vs-air-vs-meno,0,21,0%,11.52
https://www.sbexcursion.com/bali/en/tours/nusa-lembongan-ceningan-day-trip,0,21,0%,30.95
https://www.sbexcursion.com/bali/en/tours/mount-batur-sunrise-hike,0,21,0%,42.48
https://www.sbexcursion.com/bali/es/journal/bali-entrance-fees-2026,0,20,0%,4.5
https://www.sbexcursion.com/bali/zh/journal/what-time-to-leave-for-mount-batur-sunrise,0,20,0%,4.55
https://www.sbexcursion.com/bali/es/journal/bali-airport-transfer/tour-schedule,0,20,0%,5.85
https://www.sbexcursion.com/bali/ru/journal/best-things-to-do-bali-for-couples,0,20,0%,6.25
https://www.sbexcursion.com/bali/fr/journal/kintamani-viewpoint-and-lake-batur,0,20,0%,7.3
https://www.sbexcursion.com/bali/zh/journal/nyepi-what-actually-closes,0,20,0%,7.6
https://www.sbexcursion.com/bali/en/journal/blue-lagoon-snorkeling/tour-schedule,0,20,0%,8.65
https://www.sbexcursion.com/bali/de/journal/bali-surfboard-rental-and-transport,0,20,0%,11.55
https://www.sbexcursion.com/bali/es/journal/gili-islands-fast-boat-guide,0,20,0%,14.3
https://www.sbexcursion.com/bali/zh/journal/best-things-to-do-bali-for-couples,0,20,0%,20.4
https://www.sbexcursion.com/bali/es/journal/snorkeling-near-seminyak-and-canggu,0,19,0%,5
https://www.sbexcursion.com/bali/fr/journal/canggu-vs-ubud,0,19,0%,5.84
https://www.sbexcursion.com/bali/es/journal/nusa-penida-east-tour/travel-guide,0,19,0%,8.11
https://www.sbexcursion.com/bali/fr/journal/gili-islands-vs-nusa-penida,0,19,0%,10.26
https://www.sbexcursion.com/bali/zh/journal/best-surf-spots-in-bali,0,19,0%,12.63
https://www.sbexcursion.com/bali/es/journal/mount-batur-sunrise-hike/tour-schedule,0,19,0%,13.79
https://www.sbexcursion.com/bali/es/journal/tanah-lot-temple-guide,0,19,0%,17.74
https://www.sbexcursion.com/bali/de/journal/is-nusa-penida-worth-it,0,19,0%,37.53
https://www.sbexcursion.com/bali/en/tours/blue-lagoon-snorkeling,0,19,0%,43.68
https://www.sbexcursion.com/bali/es/journal/seminyak-vs-uluwatu,0,18,0%,3.67
https://www.sbexcursion.com/bali/de/journal/bali-airport-to-seminyak-transfer,0,18,0%,5.39
https://www.sbexcursion.com/bali/fr/journal/bali-grab-taxi-driver-cost,0,18,0%,6.89
https://www.sbexcursion.com/bali/es/journal/nusa-penida-without-a-tour,0,18,0%,7.33
https://www.sbexcursion.com/bali/ru/journal/nusa-penida-manta-rays-point/travel-guide,0,18,0%,13.67
https://www.sbexcursion.com/bali/de/journal/best-beaches-uluwatu-bukit,0,18,0%,29.17
https://www.sbexcursion.com/bali/zh/journal/where-to-stay-bali-first-time,0,17,0%,6
https://www.sbexcursion.com/bali/fr/journal/bali-airport-to-canggu-transfer,0,17,0%,6.35
https://www.sbexcursion.com/bali/fr/journal/mount-batur-sunrise-jeep-vs-hike,0,17,0%,7
https://www.sbexcursion.com/bali/zh/journal/mount-batur-sunrise-jeep-vs-hike,0,17,0%,7.94
https://www.sbexcursion.com/bali/fr/journal/bali-airport-to-uluwatu-transfer,0,17,0%,8.12
https://www.sbexcursion.com/bali/en/journal/bali-surf-spots-for-beginners,0,17,0%,9.41
https://www.sbexcursion.com/bali/ru/journal/nusa-dua-to-mount-batur,0,17,0%,9.82
https://www.sbexcursion.com/bali/zh/journal/nusa-penida-complete-guide,0,17,0%,15.71
https://www.sbexcursion.com/bali/zh/journal/mount-batur-vs-bromo-rinjani-ijen,0,16,0%,3.88
https://www.sbexcursion.com/bali/es/journal/tanah-lot-vs-uluwatu-sunset,0,16,0%,4.38
https://www.sbexcursion.com/bali/ru/journal/mount-batur-sunrise-vs-sunset,0,16,0%,6.38
https://www.sbexcursion.com/bali/zh/journal/canggu-vs-uluwatu,0,16,0%,6.81
https://www.sbexcursion.com/bali/es/journal/broken-beach-angels-billabong,0,16,0%,7.25
https://www.sbexcursion.com/bali/en/journal/bali-surf-spots-intermediate,0,16,0%,7.56
https://www.sbexcursion.com/bali/fr/journal/how-many-days-in-nusa-penida,0,16,0%,7.81
https://www.sbexcursion.com/bali/zh/journal/broken-beach-angels-billabong,0,16,0%,9.69
https://www.sbexcursion.com/bali/de/journal/bali-itinerary-10-days,0,16,0%,11.12
https://www.sbexcursion.com/bali/es/journal/best-temples-bali-cultural-sites,0,16,0%,12
https://www.sbexcursion.com/bali/fr/journal/rafting-from-seminyak-canggu-nusa-dua,0,16,0%,15.94
https://www.sbexcursion.com/bali/en/journal/surf-lessons-bali-beginners,0,16,0%,23.31
https://www.sbexcursion.com/dubai/en/blog/0r2a4fxi91-hot-air-balloon-dubai-is-it-worth-275-ev,0,16,0%,37.69
https://www.sbexcursion.com/bali/es/journal/best-time-clear-water-bali,0,15,0%,5.27
https://www.sbexcursion.com/bali/ru/journal/how-hard-is-the-mount-batur-hike,0,15,0%,6
https://www.sbexcursion.com/bali/en/journal/nusa-penida-east-tour/tour-schedule,0,15,0%,6.27
https://www.sbexcursion.com/bali/fr/journal/nusa-penida-without-a-tour,0,15,0%,6.93
https://www.sbexcursion.com/bali/zh/journal/bali-airport-to-the-islands,0,15,0%,6.93
https://www.sbexcursion.com/bali/zh/journal/nusa-penida-one-day-itinerary,0,15,0%,7.53
https://www.sbexcursion.com/bali/de/journal/crystal-bay-nusa-penida,0,15,0%,9.33
https://www.sbexcursion.com/bali/fr/journal/mount-batur-sunrise-jeep-tour/travel-guide,0,15,0%,10.07
https://www.sbexcursion.com/bali/es/journal/bali-helicopter-scenic-tour/travel-guide,0,15,0%,11.4
https://www.sbexcursion.com/bali/es/journal/nusa-lembongan-ceningan-day-trip/travel-guide,0,15,0%,12.6
https://www.sbexcursion.com/bali/fr/journal/mount-batur-sunrise-hike/travel-guide,0,15,0%,18.93
https://www.sbexcursion.com/bali/zh/journal/bali-tours-in-rainy-season,0,15,0%,21.07
https://www.sbexcursion.com/bali/zh/journal/best-time-to-visit-bali-month-by-month,0,15,0%,21.07
https://www.sbexcursion.com/bali/en/tours/bali-unesco,0,15,0%,35.53
https://www.sbexcursion.com/bali/zh/journal/bali-honeymoon-day-trips,0,15,0%,46.87
https://www.sbexcursion.com/bali/es/journal/what-to-pack-for-bali,0,14,0%,5.64
https://www.sbexcursion.com/bali/zh/journal/jimbaran-vs-seminyak,0,14,0%,5.71
https://www.sbexcursion.com/bali/es/journal/amed-tulamben-snorkeling,0,14,0%,6.71
https://www.sbexcursion.com/bali/es/journal/kintamani-viewpoint-and-lake-batur,0,14,0%,6.86
https://www.sbexcursion.com/bali/zh/journal/canggu-vs-kuta,0,14,0%,7.29
https://www.sbexcursion.com/bali/ru/journal/bali-airport-transfer/travel-guide,0,14,0%,8.21
https://www.sbexcursion.com/bali/en/journal/nusa-penida-private-day-tour-manta-snorkeling/tour-schedule,0,14,0%,10.07
https://www.sbexcursion.com/bali/fr/journal/nusa-penida-snorkeling-spots,0,14,0%,10.29
https://www.sbexcursion.com/bali/fr/journal/lovina-dolphin-tour-worth-it,0,14,0%,31.71
https://www.sbexcursion.com/bali/fr/journal/bali-itinerary-10-days,0,14,0%,41.71
https://www.sbexcursion.com/bali/fr/journal/gili-meno-guide,0,14,0%,43.21
https://www.sbexcursion.com/bali/fr/journal/sanur-to-mount-batur,0,13,0%,3.31
https://www.sbexcursion.com/bali/de/journal/ubud-vs-uluwatu,0,13,0%,5
https://www.sbexcursion.com/bali/zh/journal/bali-tour-prices-2026-real-costs,0,13,0%,5.08
https://www.sbexcursion.com/bali/zh/journal/canggu-vs-ubud,0,13,0%,5.46
https://www.sbexcursion.com/bali/es/journal/bali-airport-to-canggu-transfer,0,13,0%,5.69
https://www.sbexcursion.com/bali/es/journal/bali-atv-tours-guide,0,13,0%,7.15
https://www.sbexcursion.com/bali/es/journal/bali-day-trips-with-kids,0,13,0%,7.54
https://www.sbexcursion.com/bali/fr/journal/nusa-penida-day-trip-from-seminyak,0,13,0%,7.92
https://www.sbexcursion.com/bali/zh/journal/bali-itinerary-10-days,0,13,0%,8.15
https://www.sbexcursion.com/bali/de/journal/are-gili-islands-worth-it,0,13,0%,8.46
https://www.sbexcursion.com/bali/zh/journal/best-waterfalls-bali-day-trips,0,13,0%,8.92
https://www.sbexcursion.com/bali/fr/journal/best-time-to-visit-bali-month-by-month,0,13,0%,9.77
https://www.sbexcursion.com/bali/de/journal/bali-safety-scams-and-health,0,13,0%,19.85
https://www.sbexcursion.com/bali/ru/journal/best-surf-spots-in-bali,0,13,0%,22.69
https://www.sbexcursion.com/bali/en/journal/things-to-do-ubud-bali-complete-guide,0,13,0%,47.31
https://www.sbexcursion.com/bali/de/tours/gili-islands-getaway,0,13,0%,50.46
https://www.sbexcursion.com/bali/es/journal/mount-batur-black-lava-fields,0,12,0%,3.75
https://www.sbexcursion.com/bali/zh/journal/bali-airport-transfer-cost,0,12,0%,4.75
https://www.sbexcursion.com/bali/es/journal/jimbaran-vs-seminyak,0,12,0%,5.42
https://www.sbexcursion.com/bali/fr/journal/bali-surf-season-month-by-month,0,12,0%,5.58
https://www.sbexcursion.com/bali/zh/journal/bali-airport-transfer-guide,0,12,0%,5.92
https://www.sbexcursion.com/bali/en/journal/gili-islands-from-ubud,0,12,0%,6.08
https://www.sbexcursion.com/bali/en/journal/gili-air-guide,0,12,0%,6.67
https://www.sbexcursion.com/bali/ru/journal/bali-honeymoon-day-trips,0,12,0%,7.17
https://www.sbexcursion.com/bali/es/journal/fast-boat-transfer-bali/tour-schedule,0,12,0%,7.33
https://www.sbexcursion.com/bali/es/journal/bali-surf-spots-for-beginners,0,12,0%,7.75
https://www.sbexcursion.com/bali/en/journal/nusa-penida-full-day-tour/why-book,0,12,0%,8
https://www.sbexcursion.com/bali/ru/journal/volcano-coastline-helicopter-ride/travel-guide,0,12,0%,8.83
https://www.sbexcursion.com/bali/es/journal/gili-island-tour/travel-guide,0,12,0%,9.08
https://www.sbexcursion.com/bali/en/journal/atv-ride-adventure/tour-schedule,0,12,0%,9.17
https://www.sbexcursion.com/bali/ru/journal/gili-meno-guide,0,12,0%,18.5
https://www.sbexcursion.com/bali/zh/journal/things-to-do-seminyak-bali-guide,0,12,0%,32.5
https://www.sbexcursion.com/bali/fr/journal/bali-itinerary-7-days-first-time,0,12,0%,45.58
https://www.sbexcursion.com/bali/ru/journal/jatiluwih-vs-tegalalang,0,11,0%,3.09
https://www.sbexcursion.com/bali/ru/journal/handara-gate-vs-lempuyang-gates-of-heaven,0,11,0%,3.55
https://www.sbexcursion.com/bali/zh/journal/what-to-wear-mount-batur-sunrise,0,11,0%,4.09
https://www.sbexcursion.com/bali/fr/journal/seminyak-vs-ubud,0,11,0%,4.82
https://www.sbexcursion.com/bali/zh/journal/bali-airport-to-canggu-transfer,0,11,0%,5.27
https://www.sbexcursion.com/bali/ru/journal/best-snorkeling-spots-bali,0,11,0%,6
https://www.sbexcursion.com/bali/ru/journal/bali-layover-day-tour,0,11,0%,6.09
https://www.sbexcursion.com/bali/es/journal/mount-batur-sunrise-cost,0,11,0%,6.27
https://www.sbexcursion.com/bali/de/journal/amed-tulamben-snorkeling,0,11,0%,6.64
https://www.sbexcursion.com/bali/en/journal/dolphin-sunrise-city-tour/tour-schedule,0,11,0%,7.27
https://www.sbexcursion.com/bali/zh/journal/ulun-danu-beratan-temple-guide,0,11,0%,8.55
https://www.sbexcursion.com/bali/fr/journal/nusa-dua-vs-seminyak,0,11,0%,8.91
https://www.sbexcursion.com/bali/ru/journal/tukad-cepung-waterfall-guide,0,11,0%,9.91
https://www.sbexcursion.com/bali/en/journal/mount-batur-sunrise-jeep-tour/tour-schedule,0,11,0%,10.36
https://www.sbexcursion.com/bali/ru/journal/bali-airport-transfer-guide,0,11,0%,12.18
https://www.sbexcursion.com/bali/ru/journal/bali-surfboard-rental-and-transport,0,11,0%,12.73
https://www.sbexcursion.com/bali/en/journal/nusa-penida-east-tour/travel-guide,0,11,0%,13.64
https://www.sbexcursion.com/bali/fr/journal/bali-entrance-fees-2026,0,10,0%,3.6
https://www.sbexcursion.com/bali/zh/journal/gili-meno-guide,0,10,0%,4.7
https://www.sbexcursion.com/bali/ru/journal/sidemen-to-mount-batur,0,10,0%,5
https://www.sbexcursion.com/bali/zh/journal/what-to-wear-rafting-bali,0,10,0%,5.8
https://www.sbexcursion.com/bali/fr/journal/are-gili-islands-worth-it,0,10,0%,6.4
https://www.sbexcursion.com/bali/zh/journal/kelingking-beach-guide,0,10,0%,6.7
https://www.sbexcursion.com/bali/fr/journal/mount-batur-photo-guide,0,10,0%,7.2
https://www.sbexcursion.com/bali/zh/journal/tukad-cepung-waterfall-guide,0,10,0%,7.6
https://www.sbexcursion.com/bali/zh/journal/bali-day-trips-with-kids,0,10,0%,7.8
https://www.sbexcursion.com/bali/ru/terms,0,10,0%,8.1
https://www.sbexcursion.com/bali/de/journal/nusa-penida-day-trip-from-ubud,0,10,0%,8.4
https://www.sbexcursion.com/bali/fr/journal/tanah-lot-bedugul-tour/travel-guide,0,10,0%,8.4
https://www.sbexcursion.com/bali/fr/journal/fast-boat-transfer-bali/tour-schedule,0,10,0%,8.6
https://www.sbexcursion.com/bali/zh/journal/manta-point-bali-guide,0,10,0%,8.8
https://www.sbexcursion.com/bali/fr/journal/bali-unesco/travel-guide,0,10,0%,9.8
https://www.sbexcursion.com/bali/zh/journal/what-to-pack-for-bali,0,10,0%,11
https://www.sbexcursion.com/bali/zh/journal/first-time-in-bali-complete-guide,0,10,0%,14.2
https://www.sbexcursion.com/bali/ru/journal/bali-airport-transfer-cost,0,10,0%,18.7
https://www.sbexcursion.com/bali/ru/tours/nusa-penida-manta-rays-point,0,10,0%,19.3
https://www.sbexcursion.com/bali/de/journal/broken-beach-angels-billabong,0,10,0%,19.4
https://www.sbexcursion.com/bali/fr/journal/tanah-lot-temple-guide,0,10,0%,54
https://www.sbexcursion.com/bali/fr/journal/blue-lagoon-snorkeling/tour-schedule,0,9,0%,5.33
https://www.sbexcursion.com/bali/zh/journal/nusa-penida-with-kids,0,9,0%,5.67
https://www.sbexcursion.com/bali/fr/journal/bali-day-trips-with-kids,0,9,0%,6.33
https://www.sbexcursion.com/bali/zh/tours/surf-lesson-experience,0,9,0%,6.33
https://www.sbexcursion.com/bali/es/journal/uluwatu-surf-guide,0,9,0%,6.44
https://www.sbexcursion.com/bali/de/journal/manta-ray-season-bali,0,9,0%,6.56
https://www.sbexcursion.com/bali/zh/journal/nusa-penida-day-trip-from-sanur,0,9,0%,6.56
https://www.sbexcursion.com/bali/fr/journal/nusa-penida-tours-compared,0,9,0%,6.67
https://www.sbexcursion.com/bali/ru/journal/bali-atv-tours-guide,0,9,0%,6.78
https://www.sbexcursion.com/bali/ru/journal/mount-batur-sunrise-from-ubud,0,9,0%,6.78
https://www.sbexcursion.com/bali/ru/journal/bali-airport-to-canggu-transfer,0,9,0%,7.11
https://www.sbexcursion.com/bali/ru/journal/mount-batur-atv-quad-or-jeep,0,9,0%,7.11
https://www.sbexcursion.com/bali/zh/journal/best-sunset-spots-bali,0,9,0%,7.22
https://www.sbexcursion.com/bali/ru/journal/seminyak-vs-ubud,0,9,0%,7.44
https://www.sbexcursion.com/bali/es/journal/bali-unesco/travel-guide,0,9,0%,7.78
https://www.sbexcursion.com/bali/fr/journal/gili-t-day-trip-from-seminyak,0,9,0%,8.11
https://www.sbexcursion.com/bali/es/journal/mount-batur-sunrise-from-south-bali,0,9,0%,8.56
https://www.sbexcursion.com/bali/de/journal/sanur-to-nusa-penida-fast-boat,0,9,0%,9.67
https://www.sbexcursion.com/bali/ru/journal/tanah-lot-temple-guide,0,9,0%,11.44
https://www.sbexcursion.com/bali/en/journal/nusa-penida-west-tour/tour-schedule,0,9,0%,15.56
https://www.sbexcursion.com/bali/ru/journal/first-time-in-bali-complete-guide,0,9,0%,18.89
https://www.sbexcursion.com/bali/es/journal/rice-terrace-season-jatiluwih-tegalalang,0,9,0%,37.22
https://www.sbexcursion.com/ru/work-with-us,0,8,0%,2.12
https://www.sbexcursion.com/bali/zh/journal/sanur-vs-seminyak,0,8,0%,4.12
https://www.sbexcursion.com/bali/de/journal/bali-airport-to-sanur-transfer,0,8,0%,5.25
https://www.sbexcursion.com/bali/ru/journal/mount-batur-sunrise-from-south-bali,0,8,0%,5.5
https://www.sbexcursion.com/bali/zh/journal/best-white-sand-beaches-bali,0,8,0%,5.62
https://www.sbexcursion.com/bali/zh/journal/bali-to-lombok-transport,0,8,0%,6
https://www.sbexcursion.com/bali/zh/journal/manta-ray-season-bali,0,8,0%,6.25
https://www.sbexcursion.com/bali/en/journal/bali-airport-transfer/tour-schedule,0,8,0%,6.62
https://www.sbexcursion.com/bali/en/journal/tanah-lot-bedugul-day-trip-route,0,8,0%,6.75
https://www.sbexcursion.com/bali/ru/journal/lovina-dolphin-season-year-round,0,8,0%,6.75
https://www.sbexcursion.com/bali/fr/journal/how-to-book-mount-batur-tour,0,8,0%,7.12
https://www.sbexcursion.com/bali/es/journal/sumbawa-whale-shark-snorkeling-trip/tour-schedule,0,8,0%,7.38
https://www.sbexcursion.com/bali/en/journal/private-car-with-driver-bali/why-book,0,8,0%,7.5
https://www.sbexcursion.com/dubai/en/blog/o5t2le1jc1-quad-bike-or-buggy-in-dubai-2026-dont-wa,0,8,0%,8.12
https://www.sbexcursion.com/bali/ru/journal/atv-quad-bikes/travel-guide,0,8,0%,8.38
https://www.sbexcursion.com/bali/ru/journal/bali-snorkeling-cost,0,8,0%,8.38
https://www.sbexcursion.com/bali/zh/journal/best-viewpoints-bali-sunrise-cliffs-rice-terraces,0,8,0%,8.62
https://www.sbexcursion.com/bali/es/journal/white-water-rafting/travel-guide,0,8,0%,8.88
https://www.sbexcursion.com/bali/ru/journal/canggu-to-mount-batur,0,8,0%,9.12
https://www.sbexcursion.com/bali/es/journal/ulun-danu-beratan-temple-guide,0,8,0%,9.5
https://www.sbexcursion.com/bali/en/journal/north-bali-lovina-dolphins-tour/travel-guide,0,8,0%,10.25
https://www.sbexcursion.com/bali/fr/journal/best-temples-bali-cultural-sites,0,8,0%,11.38
https://www.sbexcursion.com/bali/fr/journal/nusa-penida-snorkeling-non-swimmers,0,8,0%,14.12
https://www.sbexcursion.com/bali/fr/journal/uluwatu-surf-guide,0,8,0%,15.25
https://www.sbexcursion.com/bali/de/journal/bali-airport-transfer-guide,0,8,0%,16.88
https://www.sbexcursion.com/bali/en/journal/nusa-penida-complete-guide,0,8,0%,19.12
https://www.sbexcursion.com/bali/ru/journal/nusa-penida-full-day-tour/travel-guide,0,8,0%,24.5
https://www.sbexcursion.com/bali/fr/journal/bali-layover-day-tour,0,7,0%,3.29
https://www.sbexcursion.com/bali/zh/journal/where-is-mount-batur,0,7,0%,3.71
https://www.sbexcursion.com/bali/en/terms,0,7,0%,4.57
https://www.sbexcursion.com/bali/fr/journal/bali-tours-for-seniors,0,7,0%,4.57
https://www.sbexcursion.com/bali/ru/journal/bali-unesco/travel-guide,0,7,0%,5.29
https://www.sbexcursion.com/bali/zh/journal/manta-point-depth-and-diving,0,7,0%,5.43
https://www.sbexcursion.com/bali/de/journal/bali-tours-for-seniors,0,7,0%,5.57
https://www.sbexcursion.com/bali/zh/journal/bali-snorkeling-cost,0,7,0%,5.57
https://www.sbexcursion.com/bali/ru/journal/atv-ride-adventure/travel-guide,0,7,0%,6
https://www.sbexcursion.com/bali/ru/journal/gili-islands-from-ubud,0,7,0%,6.14
https://www.sbexcursion.com/bali/en/journal/mount-batur-photo-guide,0,7,0%,6.43
https://www.sbexcursion.com/bali/en/journal/private-car-with-driver-bali/tour-schedule,0,7,0%,6.71
https://www.sbexcursion.com/bali/en/journal/sumbawa-whale-shark-snorkeling-trip/why-book,0,7,0%,6.71
https://www.sbexcursion.com/bali/en/journal/bali-honeymoon-day-trips,0,7,0%,6.86
https://www.sbexcursion.com/bali/en/journal/fast-boat-transfer-bali/tour-schedule,0,7,0%,6.86
https://www.sbexcursion.com/bali/zh/journal/bali-airport-to-uluwatu-transfer,0,7,0%,6.86
https://www.sbexcursion.com/bali/es/journal/north-bali-lovina-dolphins-tour/tour-schedule,0,7,0%,7
https://www.sbexcursion.com/bali/ru/journal/nusa-penida-tour-cost,0,7,0%,7
https://www.sbexcursion.com/bali/zh/journal/what-to-eat-in-bali-food-guide,0,7,0%,7.14
https://www.sbexcursion.com/bali/zh/journal/atv-quad-bikes/travel-guide,0,7,0%,7.43
https://www.sbexcursion.com/bali/es/journal/north-bali-lovina-dolphins-tour/travel-guide,0,7,0%,7.71
https://www.sbexcursion.com/bali/zh/journal/how-to-get-to-nusa-penida,0,7,0%,7.71
https://www.sbexcursion.com/bali/zh/journal/jatiluwih-vs-tegalalang,0,7,0%,7.86
https://www.sbexcursion.com/bali/en/journal/tanah-lot-bedugul-tour/travel-guide,0,7,0%,8.14
https://www.sbexcursion.com/bali/de/journal/atv-quad-bikes/travel-guide,0,7,0%,8.29
https://www.sbexcursion.com/bali/en/journal/gili-island-tour/tour-schedule,0,7,0%,8.29
https://www.sbexcursion.com/bali/ru/journal/gili-island-tour/travel-guide,0,7,0%,8.29
https://www.sbexcursion.com/bali/de/journal/nusa-penida-snorkeling-spots,0,7,0%,9
https://www.sbexcursion.com/bali/fr/journal/atv-quad-bikes/tour-schedule,0,7,0%,9.29
https://www.sbexcursion.com/bali/ru/journal/bali-surf-spots-intermediate,0,7,0%,9.29
https://www.sbexcursion.com/bali/zh/journal/bali-with-kids-family-guide,0,7,0%,9.57
https://www.sbexcursion.com/bali/fr/journal/nusa-penida-west-tour/travel-guide,0,7,0%,9.71
https://www.sbexcursion.com/bali/ru/journal/north-bali-lovina-dolphins-tour/travel-guide,0,7,0%,9.86
https://www.sbexcursion.com/bali/zh/journal/sumbawa-whale-shark-snorkeling-trip/travel-guide,0,7,0%,11.57
https://www.sbexcursion.com/bali/es/journal/bali-surf-spots-intermediate,0,7,0%,17.43
https://www.sbexcursion.com/bali/ru/journal/gili-air-guide,0,7,0%,20.57
https://www.sbexcursion.com/bali/en/tours/nusa-penida-full-day-tour,0,7,0%,30.57
https://www.sbexcursion.com/bali/ru/journal/bali-surf-spots-for-beginners,0,7,0%,30.71
https://www.sbexcursion.com/bali/ru/journal/bali-waterfalls-by-season,0,7,0%,31.43
https://www.sbexcursion.com/bali/en/tours/bali-airport-transfer,0,7,0%,48.71
https://www.sbexcursion.com/bali/fr/journal/west-bali-surf-medewi-balian,0,7,0%,49.71
https://www.sbexcursion.com/bali/es/journal/atv-quad-bikes/tour-schedule,0,6,0%,3.5
https://www.sbexcursion.com/bali/en/privacy-policy,0,6,0%,4.17
https://www.sbexcursion.com/bali/es/journal/bali-airport-to-seminyak-transfer,0,6,0%,4.17
https://www.sbexcursion.com/bali/fr/journal/mount-batur-with-kids,0,6,0%,4.67
https://www.sbexcursion.com/bali/ru/journal/mount-batur-sunrise-hike/tour-schedule,0,6,0%,4.67
https://www.sbexcursion.com/bali/es/journal/uluwatu-to-mount-batur,0,6,0%,4.83
https://www.sbexcursion.com/bali/ru/journal/nyepi-what-actually-closes,0,6,0%,4.83
https://www.sbexcursion.com/bali/zh/journal/nusa-penida-day-trip-from-ubud,0,6,0%,5
https://www.sbexcursion.com/bali/fr/journal/best-time-clear-water-bali,0,6,0%,5.17
https://www.sbexcursion.com/bali/zh/journal/mount-batur-sunrise-cost,0,6,0%,5.17
https://www.sbexcursion.com/bali/fr/journal/mount-batur-sunrise-cost,0,6,0%,5.5
https://www.sbexcursion.com/bali/zh/journal/gili-trawangan-guide,0,6,0%,5.5
https://www.sbexcursion.com/bali/de/journal/bali-canggu-beaches-guide,0,6,0%,5.67
https://www.sbexcursion.com/bali/zh/journal/best-beaches-nusa-penida,0,6,0%,6.17
https://www.sbexcursion.com/bali/de/journal/bali-7-day-itinerary,0,6,0%,6.5
https://www.sbexcursion.com/bali/en/tours/ubud-instagram-tour,0,6,0%,7
https://www.sbexcursion.com/bali/es/journal/gili-islands-from-canggu,0,6,0%,7
https://www.sbexcursion.com/bali/ru/journal/snorkeling-near-seminyak-and-canggu,0,6,0%,7
https://www.sbexcursion.com/bali/ru/journal/bali-itinerary-5-days,0,6,0%,7.17
https://www.sbexcursion.com/bali/zh/journal/bali-surfboard-rental-and-transport,0,6,0%,7.67
https://www.sbexcursion.com/bali/zh/journal/snorkeling-with-turtles-bali,0,6,0%,7.83
https://www.sbexcursion.com/bali/fr/journal/ubud-highlights-tour/travel-guide,0,6,0%,8
https://www.sbexcursion.com/bali/ru/journal/mount-batur-sunrise-cost,0,6,0%,8.17
https://www.sbexcursion.com/bali/zh/journal/east-bali-surf-spots,0,6,0%,8.17
https://www.sbexcursion.com/bali/es/journal/gili-island-tour/tour-schedule,0,6,0%,8.83
https://www.sbexcursion.com/bali/fr/journal/bali-tour-prices-2026-real-costs,0,6,0%,8.83
https://www.sbexcursion.com/bali/fr/journal/bali-unesco/tour-schedule,0,6,0%,9
https://www.sbexcursion.com/bali/zh/journal/best-beach-clubs-bali-young-adults,0,6,0%,9
https://www.sbexcursion.com/bali/zh/journal/mount-batur-sunrise-hike/travel-guide,0,6,0%,10
https://www.sbexcursion.com/bali/de/journal/tukad-cepung-waterfall-guide,0,6,0%,10.17
https://www.sbexcursion.com/bali/fr/journal/bali-helicopter-scenic-tour/tour-schedule,0,6,0%,10.5
https://www.sbexcursion.com/bali/zh/journal/sanur-vs-uluwatu,0,6,0%,10.67
https://www.sbexcursion.com/bali/ru/journal/bali-day-trips-with-kids,0,6,0%,11.67
https://www.sbexcursion.com/bali/ru/journal/is-bali-rafting-safe,0,6,0%,12.17
https://www.sbexcursion.com/bali/ru/journal/white-water-rafting/travel-guide,0,6,0%,12.83
https://www.sbexcursion.com/bali/en/tours/fast-boat-transfer-bali,0,6,0%,14.17
https://www.sbexcursion.com/bali/de/journal/kelingking-beach-guide,0,6,0%,16.5
https://www.sbexcursion.com/bali/fr/journal/gili-islands-fast-boat-guide,0,6,0%,17.5
https://www.sbexcursion.com/bali/de/journal/private-car-with-driver-bali/why-book,0,6,0%,21.17
https://www.sbexcursion.com/bali/ru/journal/bali-helicopter-scenic-tour/travel-guide,0,6,0%,25.5
https://www.sbexcursion.com/bali/en/journal/sumbawa-whale-shark-snorkeling-trip/tour-schedule,0,6,0%,29.83
https://www.sbexcursion.com/bali/ru/tours/ubud-highlights-tour,0,6,0%,32.83
https://www.sbexcursion.com/bali/ru/tours/fast-boat-transfer-bali,0,6,0%,35
https://www.sbexcursion.com/bali/fr/journal/bali-to-lombok-transport,0,6,0%,38.67
https://www.sbexcursion.com/ai-planner?lang=en,0,6,0%,39.5
https://www.sbexcursion.com/,0,5,0%,2.4
https://www.sbexcursion.com/bali/ru/journal/sanur-to-mount-batur,0,5,0%,3.4
https://www.sbexcursion.com/bali/zh/journal/bedugul-highlands-guide,0,5,0%,3.4
https://www.sbexcursion.com/bali/es/journal/nusa-penida-snorkeling-non-swimmers,0,5,0%,3.8
https://www.sbexcursion.com/bali/zh/journal/nusa-penida-day-trip-from-seminyak,0,5,0%,3.8
https://www.sbexcursion.com/bali/en/about,0,5,0%,4
https://www.sbexcursion.com/bali/zh/journal/bali-rafting-with-kids-age-limits,0,5,0%,4.6
https://www.sbexcursion.com/bali/ru/journal/ulun-danu-beratan-temple-guide,0,5,0%,5
https://www.sbexcursion.com/bali/es/journal/bali-unesco/tour-schedule,0,5,0%,5.4
https://www.sbexcursion.com/bali/zh/journal/best-time-clear-water-bali,0,5,0%,5.4
https://www.sbexcursion.com/bali/zh/journal/handara-gate-bali-guide,0,5,0%,5.4
https://www.sbexcursion.com/bali/zh/journal/can-you-hike-mount-batur-without-a-guide,0,5,0%,5.6
https://www.sbexcursion.com/bali/es/journal/gili-t-day-trip-from-seminyak,0,5,0%,5.8
https://www.sbexcursion.com/bali/zh/journal/bali-layover-day-tour,0,5,0%,5.8
https://www.sbexcursion.com/bali/es/journal/bali-tour-prices-2026-real-costs,0,5,0%,6.2
https://www.sbexcursion.com/bali/fr/journal/bali-sunset-cruise-worth-it,0,5,0%,6.4
https://www.sbexcursion.com/bali/fr/journal/menjangan-island-bali,0,5,0%,6.4
https://www.sbexcursion.com/bali/ru/journal/nusa-penida-manta-rays-point/tour-schedule,0,5,0%,6.4
https://www.sbexcursion.com/bali/zh/journal/swimming-with-whale-sharks-indonesia,0,5,0%,6.8
https://www.sbexcursion.com/bali/es/journal/bali-sunset-cruise-worth-it,0,5,0%,7
https://www.sbexcursion.com/bali/ru/journal/bali-airport-to-the-islands,0,5,0%,7
https://www.sbexcursion.com/bali/zh/journal/how-to-get-to-gili-trawangan-from-bali,0,5,0%,7
https://www.sbexcursion.com/bali/zh/journal/mount-batur-photo-guide,0,5,0%,7
https://www.sbexcursion.com/bali/ru/journal/bali-to-lombok-transport,0,5,0%,7.4
https://www.sbexcursion.com/bali/en/journal/nusa-penida-full-day-tour/tour-schedule,0,5,0%,7.6
https://www.sbexcursion.com/bali/fr/journal/nusa-penida-private-day-tour-manta-snorkeling/travel-guide,0,5,0%,7.6
https://www.sbexcursion.com/bali/zh/journal/gili-islands-fast-boat-guide,0,5,0%,7.6
https://www.sbexcursion.com/bali/es/journal/tanah-lot-bedugul-tour/travel-guide,0,5,0%,7.8
https://www.sbexcursion.com/bali/fr/journal/mount-batur-sunrise-jeep-hot-spring/travel-guide,0,5,0%,8.2
https://www.sbexcursion.com/bali/ru/journal/mount-batur-sunrise-hike/travel-guide,0,5,0%,8.2
https://www.sbexcursion.com/bali/zh/journal/nusa-lembongan-ceningan-day-trip/tour-schedule,0,5,0%,8.2
https://www.sbexcursion.com/bali/zh/tours/nusa-penida-east-tour,0,5,0%,8.2
https://www.sbexcursion.com/bali/ru/journal/is-mount-batur-worth-it,0,5,0%,8.4
https://www.sbexcursion.com/bali/zh/journal/bali-7-day-itinerary,0,5,0%,8.4
https://www.sbexcursion.com/bali/es/journal/bali-itinerary-7-days-first-time,0,5,0%,8.8
https://www.sbexcursion.com/bali/de/tours/north-bali-lovina-dolphins-tour,0,5,0%,9
https://www.sbexcursion.com/bali/zh/journal/tanah-lot-temple-guide,0,5,0%,9.4
https://www.sbexcursion.com/bali/es/journal/sumbawa-whale-shark-snorkeling-trip/why-book,0,5,0%,9.6
https://www.sbexcursion.com/bali/es/tours/nusa-penida-east-tour,0,5,0%,9.6
https://www.sbexcursion.com/bali/ru/tours/sunset-cruise-bali,0,5,0%,10
https://www.sbexcursion.com/bali/de/journal/gili-islands-from-ubud,0,5,0%,10.4
https://www.sbexcursion.com/bali/ru/journal/bali-tours-in-rainy-season,0,5,0%,11
https://www.sbexcursion.com/bali/zh/journal/menjangan-island-bali,0,5,0%,11.8
https://www.sbexcursion.com/bali/ru/tours/north-bali-lovina-dolphins-tour,0,5,0%,12.2
https://www.sbexcursion.com/bali/fr/journal/sumbawa-whale-shark-snorkeling-trip/travel-guide,0,5,0%,13.2
https://www.sbexcursion.com/bali/ru/journal/mount-batur-vs-bromo-rinjani-ijen,0,5,0%,16.8
https://www.sbexcursion.com/bali/es/tours/mount-batur-sunrise-jeep-tour,0,5,0%,17
https://www.sbexcursion.com/bali/es/journal/gili-air-guide,0,5,0%,17.2
https://www.sbexcursion.com/bali/fr/journal/nusa-lembongan-ceningan-day-trip/tour-schedule,0,5,0%,18
https://www.sbexcursion.com/bali/ru/tours/bali-instagram-highlights-tour,0,5,0%,18.8
https://www.sbexcursion.com/bali/en/journal/white-water-rafting/travel-guide,0,5,0%,21.6
https://www.sbexcursion.com/bali/ru/journal/gili-islands-getaway/tour-schedule,0,5,0%,23.2