Страна,Kлики,Показы,CTR,Позиция
Индонезия,257,19510,1.32%,9
Россия,86,3106,2.77%,14.27
Испания,83,3729,2.23%,9.59
Франция,73,3270,2.23%,15.93
Австралия,53,5879,0.9%,12.09
США,42,9023,0.47%,11.53
Сингапур,36,3212,1.12%,9.11
Великобритания,32,3196,1%,11.42
Индия,24,3431,0.7%,11.51
Нидерланды,16,1480,1.08%,8.4
Гонконг,13,1237,1.05%,8.89
Малайзия,13,1158,1.12%,10.45
Китай,13,564,2.3%,7.78
Германия,12,1353,0.89%,13.39
Бельгия,12,538,2.23%,6.7
Швейцария,11,470,2.34%,9.67
Канада,10,1066,0.94%,9.49
Япония,10,979,1.02%,7.15
Тайвань,9,433,2.08%,9.18
Вьетнам,7,540,1.3%,19.47
Объединенные Арабские Эмираты,6,1462,0.41%,37.89
Беларусь,5,200,2.5%,6.92
Таиланд,4,488,0.82%,13.82
Италия,4,347,1.15%,8.66
Казахстан,4,345,1.16%,7.24
Филиппины,3,913,0.33%,17.88
Новая Зеландия,3,647,0.46%,7.9
Южная Корея,3,457,0.66%,9.89
Австрия,3,211,1.42%,10.86
Португалия,3,145,2.07%,8.65
Люксембург,3,62,4.84%,8.76
Южная Африка,2,302,0.66%,9.23
Турция,2,290,0.69%,21.83
Пакистан,2,255,0.78%,9.4
Украина,2,215,0.93%,13.82
Норвегия,2,173,1.16%,12.35
Польша,2,155,1.29%,7.99
Алжир,2,153,1.31%,12.65
Тунис,2,139,1.44%,7.03
Израиль,2,101,1.98%,12.63
Мальта,2,47,4.26%,8.06
Сербия,2,32,6.25%,7.84
Реюньон,2,16,12.5%,6.38
Монако,2,13,15.38%,11.69
Бразилия,1,433,0.23%,15.18
Мексика,1,339,0.29%,16.05
Дания,1,281,0.36%,12.53
Марокко,1,212,0.47%,14.85
Швеция,1,208,0.48%,12.13
Бангладеш,1,195,0.51%,24.69
Саудовская Аравия,1,176,0.57%,15.15
Колумбия,1,161,0.62%,12.55
Ирландия,1,127,0.79%,7.72
Катар,1,121,0.83%,7.9
Шри-Ланка,1,96,1.04%,8.15
Иордания,1,49,2.04%,22
Эстония,1,44,2.27%,5.98
Азербайджан,1,28,3.57%,6.61
Ливан,1,27,3.7%,7.37
Молдова,1,16,6.25%,6.31
Панама,1,14,7.14%,6.71
Лаос,1,12,8.33%,7.92
Танзания,1,11,9.09%,5.73
Гуам,1,10,10%,7.5
Восточный Тимор,1,7,14.29%,3.86
Сальвадор,1,6,16.67%,15.17
Гаити,1,2,50%,5
Габон,1,2,50%,9.5
Аргентина,0,240,0%,12.01
Греция,0,145,0%,8.14
Египет,0,139,0%,8.81
Чили,0,122,0%,10.07
Румыния,0,116,0%,9.08
Чехия,0,108,0%,8.86
Венгрия,0,104,0%,9.33
Финляндия,0,96,0%,6.99
Узбекистан,0,79,0%,7.52
Непал,0,66,0%,8.58
Перу,0,58,0%,9.02
Болгария,0,57,0%,6.46
Эквадор,0,55,0%,11.62
Мальдивы,0,49,0%,6.9
Словакия,0,46,0%,8.07
Словения,0,40,0%,6.1
Маврикий,0,39,0%,6.87
Хорватия,0,39,0%,6.97
Кыргызстан,0,39,0%,8.03
Албания,0,39,0%,8.56
Уругвай,0,38,0%,7.97
Грузия,0,36,0%,10.08
Ирак,0,36,0%,11.47
Кения,0,33,0%,10
Кипр,0,32,0%,8.81
Армения,0,31,0%,6.71
Литва,0,31,0%,7.65
Мьянма (Бирма),0,31,0%,8.94
Камбоджа,0,30,0%,10.03
Латвия,0,28,0%,7.29
Бахрейн,0,28,0%,9.46
Нигерия,0,28,0%,12.82
Коста-Рика,0,27,0%,6.96
Венесуэла,0,27,0%,14.26
Кувейт,0,26,0%,9.42
Оман,0,24,0%,6.79
Бруней,0,20,0%,8.1
Парагвай,0,18,0%,12.94
Боливия,0,18,0%,13.67
Андорра,0,16,0%,6.5
Туркменистан,0,16,0%,7.81
Монголия,0,16,0%,9.5
Камерун,0,15,0%,8.67
Доминиканская Республика,0,15,0%,9.2
Исландия,0,15,0%,16.33
Фиджи,0,13,0%,7.38
Эфиопия,0,13,0%,16.92
Македония,0,12,0%,9.33
Иран,0,11,0%,7
Гватемала,0,11,0%,7.91
Гондурас,0,9,0%,13
Неизвестный регион,0,9,0%,16.22
Макау,0,8,0%,4.62
Босния и Герцеговина,0,8,0%,6.12
Таджикистан,0,8,0%,6.75
Уганда,0,8,0%,8.25
Пуэрто-Рико,0,8,0%,9.12
Сирия,0,8,0%,9.75
Гибралтар,0,7,0%,5.57
Аруба,0,7,0%,8.57
Остров Мэн,0,7,0%,8.57
Руанда,0,7,0%,13
Ямайка,0,7,0%,13.57
Палестина,0,6,0%,7.33
Намибия,0,6,0%,9.17
Новая Каледония,0,6,0%,9.67
Французская Полинезия,0,5,0%,5
Черногория,0,5,0%,6.8
Гвинея,0,5,0%,7.2
Сенегал,0,5,0%,8.4
Кот д’Ивуар,0,5,0%,8.8
Папуа – Новая Гвинея,0,5,0%,9.4
Гана,0,5,0%,10.4
Центрально-Африканская Республика,0,4,0%,5.5
Вануату,0,4,0%,5.75
Мадагаскар,0,4,0%,6.75
Йемен,0,4,0%,10.75
Кирибати,0,4,0%,11.25
Тринидад и Тобаго,0,4,0%,13.25
Зимбабве,0,3,0%,4.33
Ливия,0,3,0%,5
Сан-Марино,0,3,0%,6
Джерси,0,3,0%,9
Сейшелы,0,3,0%,9
Мали,0,3,0%,9.67
Либерия,0,3,0%,10.67
Судан,0,3,0%,11
Багамы,0,3,0%,14.33
Ботсвана,0,3,0%,14.33
Буркина-Фасо,0,3,0%,15.67
Гайана,0,3,0%,16.33
Бутан,0,3,0%,24
Замбия,0,3,0%,27.33
Барбадос,0,2,0%,5.5
Конго – Киншаса,0,2,0%,5.5
Никарагуа,0,2,0%,6.5
Бермуды,0,2,0%,7
Кабо-Верде,0,2,0%,8
о. Гернси,0,2,0%,8
Свазиленд,0,2,0%,9.5
Суринам,0,2,0%,15
Куба,0,1,0%,2
Кюрасао,0,1,0%,2
Мозамбик,0,1,0%,6
Конго – Браззавиль,0,1,0%,7
Тёркс и Кайкос,0,1,0%,7
Ангола,0,1,0%,8
Гамбия,0,1,0%,8
Косово,0,1,0%,8
Гренландия,0,1,0%,9
Маршалловы острова,0,1,0%,9
Тонга,0,1,0%,9
Гваделупа,0,1,0%,10
Сан-Томе и Принсипи,0,1,0%,11
Тувалу,0,1,0%,11
Бенин,0,1,0%,14
Каймановы острова,0,1,0%,19
Малави,0,1,0%,20